date,d_unfilled_b_v,d_unfilled_s_v,t_unfilled_b_v,t_unfilled_s_v,f_unfilled_b_v,f_unfilled_s_v
2010/01/04,2275,943,0,0,370,249
2010/01/05,3797,959,0,0,248,618
2010/01/06,5882,1185,0,0,403,314
2010/01/07,4465,1467,0,0,248,1696
2010/01/08,4733,1328,0,0,168,2216
2010/01/11,3990,1589,0,0,162,2359
2010/01/12,4314,1917,0,0,173,2776
2010/01/13,4570,2929,0,0,181,3039
2010/01/14,6085,2473,0,0,200,2463
2010/01/15,6654,2445,0,0,208,1942
2010/01/18,4889,2315,0,0,584,2044
2010/01/19,5443,4808,0,0,162,2915
2010/01/20,1925,2561,0,0,510,663
2010/01/21,1848,5098,0,0,368,379
2010/01/22,2562,4563,0,0,221,404
2010/01/25,3109,4731,0,0,1056,454
2010/01/26,3580,3452,0,0,175,234
2010/01/27,3409,2766,0,0,170,312
2010/01/28,3574,2418,0,10,1058,244
2010/01/29,3363,3149,0,20,630,211
2010/02/01,3677,4082,0,20,313,901
2010/02/02,5236,5572,0,20,192,1360
2010/02/03,5877,5776,0,20,230,132
2010/02/04,5806,6483,0,20,160,185
2010/02/05,5077,7409,0,25,164,128
2010/02/06,5330,6458,0,25,201,335
2010/02/08,6581,6320,0,25,302,281
2010/02/09,4562,5304,0,25,744,267
2010/02/10,3972,4395,0,25,615,271
2010/02/22,354,2522,0,25,68,927
2010/02/23,1627,2655,0,25,79,737
2010/02/24,635,4169,0,25,107,579
2010/02/25,1507,3248,0,25,82,877
2010/02/26,1644,2905,0,25,112,923
2010/03/01,1272,1661,0,25,162,400
2010/03/02,1389,1820,0,25,161,728
2010/03/03,1736,1421,0,25,135,618
2010/03/04,2218,1454,0,0,149,840
2010/03/05,2402,1191,0,0,136,1117
2010/03/08,2550,999,0,0,118,1306
2010/03/09,2949,896,0,0,108,1380
2010/03/10,2367,1075,0,0,98,1083
2010/03/11,2413,1415,0,0,91,1234
2010/03/12,1945,1745,0,0,79,1074
2010/03/15,1902,3162,0,0,95,1060
2010/03/16,2860,3756,0,0,91,512
2010/03/17,575,2498,0,0,462,76
2010/03/18,1334,1338,0,0,583,840
2010/03/19,1326,1704,0,0,716,866
2010/03/22,1847,1863,0,0,602,1085
2010/03/23,1207,2299,0,0,276,1105
2010/03/24,1357,3002,0,0,413,1104
2010/03/25,1918,3261,0,0,543,1336
2010/03/26,2074,2806,0,0,574,1049
2010/03/29,2202,2364,0,0,553,655
2010/03/30,1763,2699,0,0,182,693
2010/03/31,1954,3776,0,0,436,736
2010/04/01,3928,2743,0,0,741,710
2010/04/02,2393,2674,0,0,277,902
2010/04/06,1386,2922,0,0,295,1022
2010/04/07,1467,3430,0,0,313,1024
2010/04/08,1473,4484,0,0,219,1625
2010/04/09,2317,4675,0,0,349,1205
2010/04/12,1948,6098,0,0,257,1419
2010/04/13,1867,6260,0,0,307,1429
2010/04/14,1887,5081,0,0,418,848
2010/04/15,1519,4704,0,0,373,970
2010/04/16,1680,6182,0,0,538,1157
2010/04/19,3474,8867,0,0,846,956
2010/04/20,4408,5167,0,10,1121,495
2010/04/21,397,2159,0,10,897,111
2010/04/22,403,2878,0,10,1657,68
2010/04/23,772,2755,0,10,2198,324
2010/04/26,1027,2245,0,10,1076,192
2010/04/27,1115,3639,0,10,743,351
2010/04/28,1373,4710,0,0,1009,223
2010/04/29,2189,4969,0,0,1407,748
2010/04/30,2307,7437,0,0,595,762
2010/05/03,2415,9771,0,0,903,876
2010/05/04,2765,10561,0,0,1283,1027
2010/05/05,2356,7981,0,0,2086,1014
2010/05/06,1954,8436,0,0,2781,1177
2010/05/07,3152,7426,0,0,2062,886
2010/05/10,4557,7161,0,0,2647,1190
2010/05/11,1752,8040,0,0,3640,1195
2010/05/12,3495,9185,0,0,3850,1007
2010/05/13,5963,8086,0,0,1600,709
2010/05/14,4540,8663,0,0,2137,1635
2010/05/17,5183,11293,0,0,1908,2516
2010/05/18,4465,11797,0,0,1529,2474
2010/05/19,1512,6481,0,0,2344,544
2010/05/20,1879,8160,0,0,1630,634
2010/05/21,3809,8652,0,0,2725,254
2010/05/24,2022,9392,0,0,3485,250
2010/05/25,2029,10091,0,0,3391,522
2010/05/26,2092,9775,0,0,3090,827
2010/05/27,1963,9422,0,0,3295,404
2010/05/28,2615,9276,0,0,4233,1244
2010/05/31,3157,6717,0,0,4344,1531
2010/06/01,3517,7565,0,0,4418,1913
2010/06/02,3217,8569,0,0,5143,679
2010/06/03,3681,6662,0,0,5439,856
2010/06/04,2639,6913,0,0,5282,447
2010/06/07,2862,8418,0,0,6934,1497
2010/06/08,2626,8245,0,0,7047,1627
2010/06/09,3362,9219,0,0,7085,1905
2010/06/10,3155,7511,0,0,7319,1389
2010/06/11,3265,7650,0,0,7241,1297
2010/06/14,4045,7606,0,0,6953,1578
2010/06/15,4062,8262,0,0,7536,1624
2010/06/17,1381,5246,0,0,3768,62
2010/06/18,2129,6261,0,0,3734,222
2010/06/21,2088,6423,0,0,3684,614
2010/06/22,1586,6394,0,0,3701,711
2010/06/23,1315,7328,0,0,3839,800
2010/06/24,1412,7305,0,0,4089,695
2010/06/25,1411,8500,0,0,4096,1122
2010/06/28,1478,8533,0,0,4372,727
2010/06/29,1479,11220,0,0,4752,1474
2010/06/30,1413,11056,0,0,4397,1389
2010/07/01,1401,11417,0,0,4545,1567
2010/07/02,1446,9280,0,0,4977,1515
2010/07/05,2698,7678,0,0,4830,1025
2010/07/06,4183,5022,0,0,4494,1102
2010/07/07,4114,4917,0,0,4180,1308
2010/07/08,4873,4797,0,0,4623,1881
2010/07/09,2523,4641,0,0,4919,1645
2010/07/12,2790,4579,0,0,5298,2329
2010/07/13,2449,4617,0,0,5381,1936
2010/07/14,2606,4124,0,0,5239,2694
2010/07/15,2668,4061,0,0,5529,3327
2010/07/16,2649,4488,0,0,5932,3945
2010/07/19,2297,4986,0,0,6483,4674
2010/07/20,2070,4540,0,0,6550,4434
2010/07/21,973,2421,0,0,2831,832
2010/07/22,1099,3409,0,0,2524,348
2010/07/23,1243,2160,0,0,3224,441
2010/07/26,1480,2333,0,0,3172,739
2010/07/27,1392,3537,1,0,3236,873
2010/07/28,2033,3016,2,0,3107,113
2010/07/29,1587,4152,2,0,3418,353
2010/07/30,2214,3113,2,0,3173,768
2010/08/02,1984,3026,2,0,3550,321
2010/08/03,2171,3299,2,0,3319,953
2010/08/04,2264,3131,2,0,3302,1027
2010/08/05,2378,3270,2,0,3086,1343
2010/08/06,2383,3398,2,0,3165,1456
2010/08/09,3103,3019,2,0,3064,671
2010/08/10,2462,3651,2,0,3171,1845
2010/08/11,2460,4561,2,0,3034,973
2010/08/12,2411,4458,2,0,2866,1236
2010/08/13,2727,3388,2,0,3043,1191
2010/08/16,3187,2722,2,0,3139,957
2010/08/17,3842,2439,2,0,3255,776
2010/08/18,742,1625,2,0,1766,851
2010/08/19,1255,1678,2,0,2140,720
2010/08/20,1038,2188,1,0,2104,1151
2010/08/23,1379,2301,1,0,2286,1065
2010/08/24,1029,4017,1,0,2014,1135
2010/08/25,1141,6529,1,0,1747,1503
2010/08/26,1301,7244,1,0,1847,2094
2010/08/27,1296,6599,1,0,2185,1693
2010/08/30,1601,5798,1,0,2149,2030
2010/08/31,1431,8476,1,0,2128,1965
2010/09/01,2014,4890,1,15,2265,1832
2010/09/02,2708,4876,1,15,2374,2038
2010/09/03,3421,4268,1,15,2778,1871
2010/09/06,3476,4012,1,15,2860,2124
2010/09/07,3734,4057,1,15,2872,1763
2010/09/08,2600,4311,1,15,3228,2627
2010/09/09,1795,5303,1,15,3837,3233
2010/09/10,2206,5272,1,15,3756,3355
2010/09/13,2603,2352,1,15,3974,3195
2010/09/14,2749,2649,1,0,3808,3162
2010/09/15,1215,1498,1,0,3559,177
2010/09/16,1020,3549,1,0,3331,1180
2010/09/17,1731,2950,1,0,4267,1423
2010/09/20,1729,3290,1,0,4192,1249
2010/09/21,1433,3674,1,0,4046,1755
2010/09/23,1694,3620,1,0,4005,1709
2010/09/24,1595,4783,1,0,3894,2673
2010/09/27,1599,4579,1,0,4199,2720
2010/09/28,1725,4255,0,0,4458,2054
2010/09/29,1589,4270,0,0,4486,2106
2010/09/30,1164,3862,0,0,4683,1775
2010/10/01,1482,4248,0,0,4530,2166
2010/10/04,1555,3933,0,0,4049,2747
2010/10/05,1450,4965,0,0,3917,2769
2010/10/06,1610,3640,0,0,4428,2082
2010/10/07,1556,3711,0,0,4308,1798
2010/10/08,1723,5589,0,0,3489,2194
2010/10/11,1943,7641,0,0,3367,2186
2010/10/12,2369,9456,0,0,3255,2195
2010/10/13,2848,9025,0,0,3794,2083
2010/10/14,3187,7198,0,0,4805,2385
2010/10/15,3359,7468,0,0,4497,2951
2010/10/18,3031,10762,0,0,3998,3472
2010/10/19,3053,11480,0,0,4145,3183
2010/10/20,1946,3862,0,0,5007,266
2010/10/21,2101,5056,0,0,4640,524
2010/10/22,2819,5271,0,0,4997,513
2010/10/25,3592,5130,0,0,5002,169
2010/10/26,3956,5279,0,0,5037,266
2010/10/27,3442,5680,0,0,4544,636
2010/10/28,3257,5998,0,0,5015,238
2010/10/29,2770,6007,0,0,4412,589
2010/11/01,3439,5129,0,0,4390,1118
2010/11/02,3192,5201,0,0,4100,1409
2010/11/03,2092,5980,0,0,4048,1845
2010/11/04,2538,5122,0,0,4595,1287
2010/11/05,3765,5035,0,0,4386,1312
2010/11/08,3818,5553,0,0,4317,1384
2010/11/09,4420,5625,0,0,4898,1223
2010/11/10,3848,5982,0,0,4491,1287
2010/11/11,3188,6443,0,0,4621,1831
2010/11/12,2828,8029,0,0,4433,2095
2010/11/15,3082,9073,0,0,5215,2435
2010/11/16,2377,7328,0,0,6315,2305
2010/11/17,889,3290,0,0,3281,816
2010/11/18,1991,3816,0,0,3235,1314
2010/11/19,2280,4368,0,0,3899,1650
2010/11/22,4270,3816,0,0,5423,1032
2010/11/23,3090,4781,0,0,5170,1424
2010/11/24,2706,5556,0,0,4851,1005
2010/11/25,3317,4975,0,0,5161,1403
2010/11/26,1457,5167,0,0,5248,1389
2010/11/29,2967,5183,0,0,4997,1143
2010/11/30,1685,5343,0,0,4905,769
2010/12/01,4173,5392,0,0,5432,493
2010/12/02,4193,5354,0,0,4655,993
2010/12/03,4856,4954,0,0,5058,735
2010/12/06,5545,4555,0,0,4811,855
2010/12/07,5366,4726,0,0,4321,960
2010/12/08,5844,4727,0,0,4453,869
2010/12/09,6607,5106,0,0,3539,1123
2010/12/10,6077,5565,0,0,3529,1424
2010/12/13,6190,5191,0,0,3920,1260
2010/12/14,6474,6202,0,0,3629,1084
2010/12/15,2785,4066,0,0,3620,825
2010/12/16,2485,4031,0,0,3290,1049
2010/12/17,3231,4211,0,0,3840,1293
2010/12/20,2370,4617,0,0,3063,1513
2010/12/21,3500,4128,0,0,3598,946
2010/12/22,3406,4249,0,0,4028,902
2010/12/23,4165,2700,0,0,4675,789
2010/12/24,3309,3032,0,0,3657,1287
2010/12/27,3573,3317,0,0,3405,1452
2010/12/28,3425,3314,0,0,3411,1931
2010/12/29,3444,3673,0,0,3803,2056
2010/12/30,3827,3269,0,0,3936,1921
2010/12/31,4220,3140,0,0,4142,1610
2011/01/03,3881,2704,0,0,3932,1815
2011/01/04,3492,2765,0,0,3320,1827
2011/01/05,2415,2982,0,0,3112,2025
2011/01/06,2491,2564,0,0,3179,2077
2011/01/07,1883,3141,0,0,3256,2250
2011/01/10,2067,2463,0,0,3323,2212
2011/01/11,4631,1961,0,0,4514,2057
2011/01/12,4433,2122,0,0,4019,2300
2011/01/13,4765,2290,0,0,3815,2327
2011/01/14,5002,2141,0,0,3964,2567
2011/01/17,4837,2711,0,0,3897,2979
2011/01/18,6045,2069,0,0,4834,2604
2011/01/19,3132,1437,0,0,3253,742
2011/01/20,2509,2621,0,0,2378,858
2011/01/21,2732,2909,0,0,1580,1315
2011/01/24,2841,2804,0,0,1715,1369
2011/01/25,2764,2269,0,0,2266,1430
2011/01/26,5192,1682,0,0,3862,1452
2011/01/27,5601,1573,0,0,3912,1409
2011/01/28,4937,1675,0,0,3435,1525
2011/02/08,4466,2621,0,0,3062,2187
2011/02/09,4653,6625,0,0,2215,2671
2011/02/10,4222,6392,0,0,1552,3008
2011/02/11,3625,1984,0,21,1874,3635
2011/02/14,4929,2796,0,21,2469,3438
2011/02/15,4799,3964,0,26,3726,3540
2011/02/16,965,2452,0,26,2664,1529
2011/02/17,2199,2216,0,26,3207,1425
2011/02/18,4773,1446,0,17,2980,1292
2011/02/21,4117,1559,0,17,2691,1951
2011/02/22,1980,3130,0,17,2490,1735
2011/02/23,1525,5616,0,17,2377,1816
2011/02/24,1453,5149,0,27,3454,1877
2011/02/25,1909,6065,0,27,4273,2053
2011/03/01,1934,5305,0,15,4508,2084
2011/03/02,1597,3959,0,15,3477,2254
2011/03/03,5212,3604,0,15,3768,2325
2011/03/04,5349,3493,0,9,3622,2547
2011/03/07,4330,4082,0,9,2997,2804
2011/03/08,2772,3845,0,9,3152,3059
2011/03/09,2630,3782,0,9,3425,3267
2011/03/10,1902,5254,0,9,3032,3655
2011/03/11,2301,5194,0,9,3449,4259
2011/03/14,5149,6800,0,9,4577,5085
2011/03/15,12233,16605,0,9,6940,4169
2011/03/16,406,4495,0,9,4487,2590
2011/03/17,797,5227,0,9,4904,3089
2011/03/18,2535,4903,0,9,5210,3200
2011/03/21,1389,4127,0,14,5246,2659
2011/03/22,1861,4095,0,12,5464,2380
2011/03/23,4049,4162,0,7,5368,3184
2011/03/24,5482,4116,0,7,5342,2531
2011/03/25,2521,3698,9,0,5036,2264
2011/03/28,2000,4623,5,0,4810,3591
2011/03/29,2194,3928,0,0,4919,3602
2011/03/30,2287,3708,0,0,5018,3342
2011/03/31,2778,3611,0,0,5025,3389
2011/04/01,3201,3207,1,0,5287,2899
2011/04/06,3679,3553,31,0,5659,3277
2011/04/07,3855,3658,31,0,5644,4201
2011/04/08,3492,4241,31,0,5417,4781
2011/04/11,3300,4087,31,0,5838,6037
2011/04/12,3062,5576,21,0,5920,7359
2011/04/13,3424,4528,21,0,5989,6996
2011/04/14,3715,5127,21,40,5931,7476
2011/04/15,3738,5630,21,40,6431,7242
2011/04/18,3435,6200,14,40,7092,7068
2011/04/19,3387,6299,0,80,6792,8147
2011/04/20,1453,3995,16,40,6446,2342
2011/04/21,4311,3316,30,80,5293,3634
2011/04/22,3220,3391,42,100,4969,3851
2011/04/25,2527,3355,42,100,4694,4015
2011/04/26,1495,4489,42,100,5005,4920
2011/04/27,1599,3673,42,100,5148,4907
2011/04/28,1437,3495,42,100,5166,5164
2011/04/29,1186,5072,42,100,5317,5985
2011/05/03,1079,6345,42,100,5708,7101
2011/05/04,1165,5655,18,100,5903,6337
2011/05/05,2374,4526,18,100,5949,5928
2011/05/06,1604,4713,26,100,5882,6701
2011/05/09,2624,5004,26,100,5485,5767
2011/05/10,2310,5207,26,100,5742,6202
2011/05/11,1885,5542,26,100,5942,6336
2011/05/12,2689,4985,26,100,6904,5927
2011/05/13,4346,5943,26,100,6459,6090
2011/05/16,3500,8220,16,100,6254,6373
2011/05/17,4918,8253,13,100,6306,6072
2011/05/18,935,4670,0,62,4975,3746
2011/05/19,969,6200,4,60,4489,4506
2011/05/20,1061,5678,4,60,4887,4530
2011/05/23,1025,6415,0,76,4575,4241
2011/05/24,1130,6511,0,91,4817,4196
2011/05/25,1179,7182,0,91,5199,4036
2011/05/26,1721,6079,0,91,6533,3868
2011/05/27,1244,5031,0,79,6375,3838
2011/05/30,1774,5257,0,79,6104,3824
2011/05/31,5463,5484,14,60,5855,3602
2011/06/01,5788,5675,41,60,5547,3550
2011/06/02,4681,6460,41,80,5489,5653
2011/06/03,4522,6400,41,80,5479,6036
2011/06/07,4381,6176,41,80,5506,7289
2011/06/08,3804,6719,41,80,5563,6944
2011/06/09,3741,6726,35,80,5889,7162
2011/06/10,1840,9046,0,89,5118,5088
2011/06/13,1554,7903,0,89,5141,4614
2011/06/14,2130,7612,0,169,4914,3894
2011/06/15,465,4387,0,89,623,3288
2011/06/16,539,5099,0,98,888,3199
2011/06/17,655,4991,0,98,716,3177
2011/06/20,845,4883,0,102,463,3385
2011/06/21,1236,4632,0,134,803,3764
2011/06/22,1177,4533,0,134,459,3648
2011/06/23,1443,5064,0,140,662,3902
2011/06/24,1601,5144,0,140,508,4587
2011/06/27,1634,5424,0,140,946,4875
2011/06/28,1588,5513,0,140,1089,4964
2011/06/29,3581,4939,0,130,1511,5139
2011/06/30,3502,4559,0,130,1102,5318
2011/07/01,2911,4516,0,130,861,4701
2011/07/04,2511,4640,4,120,685,4147
2011/07/05,2347,4299,4,120,892,3541
2011/07/06,3881,3926,9,120,1283,3226
2011/07/07,4173,3998,11,120,534,3704
2011/07/08,3196,4244,8,120,879,3644
2011/07/11,2298,4599,2,131,424,3876
2011/07/12,1541,5403,4,137,266,4322
2011/07/13,1479,5863,4,143,1682,4609
2011/07/14,1621,5641,4,156,1956,5133
2011/07/15,1913,4160,6,156,1596,5618
2011/07/18,2239,4658,6,142,1957,5781
2011/07/19,1942,5357,6,222,2306,5441
2011/07/20,4098,5428,11,160,2503,2130
2011/07/21,1788,5323,23,160,1778,2450
2011/07/22,2176,5343,39,160,1891,2358
2011/07/25,1712,5161,25,160,1710,2740
2011/07/26,2933,5464,45,160,2073,2749
2011/07/27,2926,5300,57,160,1934,2985
2011/07/28,2767,5313,54,160,1788,3070
2011/07/29,2020,6363,10,166,1722,3775
2011/08/01,1931,6747,10,160,1795,3497
2011/08/02,1468,7689,10,194,1867,3743
2011/08/03,1485,8905,9,194,1986,3961
2011/08/04,2078,9259,9,206,1876,4312
2011/08/05,1274,8113,9,175,6924,4752
2011/08/08,5822,14954,9,169,8295,5439
2011/08/09,6455,18222,9,169,8248,6250
2011/08/10,8688,19362,9,229,7392,6171
2011/08/11,11102,20545,7,229,6909,7509
2011/08/12,13406,24383,7,229,5236,6813
2011/08/15,15373,23909,7,229,5377,6972
2011/08/16,16879,26650,7,229,5421,6305
2011/08/17,446,5774,7,169,3860,1872
2011/08/18,964,6183,7,169,4433,1385
2011/08/19,1567,8237,7,169,4264,2349
2011/08/22,3109,11668,7,169,4664,3680
2011/08/23,6222,13758,5,169,4598,4088
2011/08/24,6616,15605,6,165,4339,3238
2011/08/25,5091,15315,6,167,4697,3877
2011/08/26,4581,14051,6,169,4910,4409
2011/08/29,4512,13311,6,161,4967,5052
2011/08/30,6971,14154,3,161,4924,3128
2011/08/31,7553,14007,4,160,4747,2904
2011/09/01,8202,16986,9,160,4801,4057
2011/09/02,2593,11970,9,160,4822,4744
2011/09/05,2799,12602,4,160,5086,4838
2011/09/06,3149,13189,3,173,5227,4923
2011/09/07,3006,12969,3,173,5173,5693
2011/09/08,3238,12940,3,173,5111,6027
2011/09/09,3325,12377,9,160,5211,5749
2011/09/13,3917,17513,2,165,4974,6204
2011/09/14,3762,18395,2,176,5374,6229
2011/09/15,2994,13207,2,168,5999,5894
2011/09/16,3307,11265,5,160,6975,6214
2011/09/19,3618,13342,13,160,7293,9070
2011/09/20,2313,12180,5,200,7501,6305
2011/09/21,802,3001,10,40,6220,2405
2011/09/22,1346,3785,0,41,7444,2102
2011/09/23,4078,6762,0,45,7202,951
2011/09/26,2917,7409,0,47,7602,1346
2011/09/27,2776,5592,0,47,8037,1431
2011/09/28,2831,6977,0,47,7941,1631
2011/09/29,2853,5591,3,40,8223,1056
2011/09/30,4890,8539,7,40,8141,1020
2011/10/03,6064,12675,0,42,8935,1387
2011/10/04,3869,10585,1,40,8637,1951
2011/10/05,4256,13464,1,40,8505,4168
2011/10/06,3865,9056,3,40,8765,3421
2011/10/07,4037,8502,3,40,8752,2397
2011/10/11,4017,5733,18,40,8915,1671
2011/10/12,4278,6508,18,40,8655,1789
2011/10/13,4255,7951,24,40,8549,2218
2011/10/14,4774,7494,21,40,8680,2330
2011/10/17,5491,6979,22,40,8866,2543
2011/10/18,5769,6272,9,40,9034,2050
2011/10/19,702,5011,17,0,7040,911
2011/10/20,788,8073,8,5,6390,893
2011/10/21,659,7920,8,5,6971,683
2011/10/24,1412,5013,25,0,7494,1161
2011/10/25,1400,5589,25,0,7438,1464
2011/10/26,1794,5226,60,0,7938,1882
2011/10/27,2549,5293,60,0,7846,2953
2011/10/28,2689,4773,60,0,7650,3873
2011/10/31,3067,5101,37,0,7061,4096
2011/11/01,2594,5100,37,0,7291,4452
2011/11/02,4320,6282,37,0,6471,5279
2011/11/03,5193,7354,24,0,6400,5115
2011/11/04,8058,6908,62,0,6834,4657
2011/11/07,6975,7268,62,0,6560,4595
2011/11/08,7184,9347,62,0,6499,4899
2011/11/09,7067,8151,62,0,6962,5228
2011/11/10,5389,10561,6,38,7356,7555
2011/11/11,6017,9773,6,38,8334,5928
2011/11/14,7770,9024,26,0,9090,6507
2011/11/15,3797,8335,26,0,9498,4745
2011/11/16,479,7035,6,32,9365,2324
2011/11/17,625,7038,6,32,9864,2208
2011/11/18,679,7856,6,48,9436,1554
2011/11/21,1285,9126,6,67,9625,2458
2011/11/22,1089,10040,6,74,10485,1756
2011/11/23,1857,12738,6,77,13079,1217
2011/11/24,1668,12935,6,38,13141,1895
2011/11/25,1899,12810,6,38,14647,1098
2011/11/28,1097,11603,6,38,15405,1172
2011/11/29,1423,10416,6,38,14819,1005
2011/11/30,1981,10719,6,38,15838,827
2011/12/01,3921,7887,6,4,15782,1077
2011/12/02,2231,9341,6,4,15645,2473
2011/12/05,2175,8053,6,4,16206,2885
2011/12/06,2428,9358,6,18,16453,3020
2011/12/07,2285,8066,6,116,16808,3174
2011/12/08,2223,10474,6,123,16787,1663
2011/12/09,2520,9831,6,187,17511,1639
2011/12/12,2145,9183,6,251,17460,1952
2011/12/13,2452,9179,6,244,17732,1560
2011/12/14,3035,7695,6,244,17523,1422
2011/12/15,5189,12884,6,244,16784,1606
2011/12/16,3122,9634,6,248,17750,1738
2011/12/19,795,8053,6,248,18793,1678
2011/12/20,1680,6934,6,248,20444,2093
2011/12/21,1683,4318,6,235,5019,1851
2011/12/22,1382,4415,6,235,4919,2306
2011/12/23,2629,4028,6,235,5529,1937
2011/12/26,1783,4032,6,234,5037,3066
2011/12/27,1327,4327,6,204,4981,3266
2011/12/28,1098,4185,6,204,5078,3595
2011/12/29,1671,4212,6,170,5235,3944
2011/12/30,1297,4624,6,163,4911,3898
2012/01/02,1718,5031,6,163,5633,3160
2012/01/03,2247,4224,6,163,5170,1270
2012/01/04,3353,4262,6,163,6101,1802
2012/01/05,4424,4060,6,163,6036,1544
2012/01/06,3258,4362,5,129,6305,2108
2012/01/09,2604,4883,5,94,6174,2463
2012/01/10,3258,4268,5,83,6061,1815
2012/01/11,3824,4747,5,83,6064,2265
2012/01/12,4163,5003,5,83,6444,2530
2012/01/13,3201,5238,5,83,6523,3629
2012/01/16,2611,4067,5,93,6914,3493
2012/01/17,5486,3662,5,93,7874,2312
2012/01/18,707,3266,5,93,4109,2629
2012/01/30,1901,2507,5,93,4454,1987
2012/01/31,985,2815,5,93,4926,2931
2012/02/01,2638,2608,5,93,5074,2402
2012/02/02,1854,2854,5,46,5006,2770
2012/02/03,1716,3347,5,46,5272,3520
2012/02/04,2749,3706,5,46,5736,4177
2012/02/06,2912,3933,5,46,4719,4272
2012/02/07,3286,4065,5,46,5137,4849
2012/02/08,3270,4110,5,46,6327,6363
2012/02/09,3840,4559,5,46,7091,8388
2012/02/10,3483,4950,5,92,7262,10633
2012/02/13,3735,5402,5,143,7664,9599
2012/02/14,3952,4794,5,143,7807,7968
2012/02/15,2541,1567,5,179,7469,1623
2012/02/16,2539,4048,7,179,5764,2170
2012/02/17,2795,4618,7,191,5838,2944
2012/02/20,3030,4329,10,203,5918,2954
2012/02/21,4554,4151,10,203,6092,2336
2012/02/22,5837,4214,10,203,6568,3294
2012/02/23,5554,4366,10,203,5750,3585
2012/02/24,6003,4767,10,203,5913,3492
2012/02/29,6723,4705,10,203,8085,3689
2012/03/01,7314,4648,10,62,7617,4600
2012/03/02,6472,4843,10,62,6598,5325
2012/03/03,6632,5573,10,62,5953,5342
2012/03/05,5846,5674,10,62,5462,5206
2012/03/06,5828,6695,10,96,5389,4464
2012/03/07,6236,6924,10,162,5550,3485
2012/03/08,6612,5570,10,162,6594,3797
2012/03/09,6974,5446,10,162,7196,3904
2012/03/12,6863,5696,10,162,5614,3398
2012/03/13,7187,5185,10,274,8286,3766
2012/03/14,7120,5338,10,274,6668,4047
2012/03/15,7182,5491,10,274,6595,4047
2012/03/16,5854,5686,10,264,5668,3803
2012/03/19,6399,7963,10,264,5853,3211
2012/03/20,5821,9140,10,264,6255,3466
2012/03/21,1164,6354,6,264,6017,1423
2012/03/22,4903,6287,6,264,7225,1853
2012/03/23,3868,7340,6,264,6463,1887
2012/03/26,1695,8648,6,234,5331,3481
2012/03/27,1833,6896,6,234,5737,2243
2012/03/28,2440,6829,6,234,6182,1872
2012/03/29,2099,12401,6,234,5747,5442
2012/03/30,2202,10959,6,234,5754,4505
2012/04/02,2681,9992,6,234,5894,4088
2012/04/03,2325,10971,6,234,6199,6607
2012/04/05,2816,12111,6,220,6839,6340
2012/04/06,3646,10571,6,220,7141,5184
2012/04/09,3279,10122,6,220,7623,5353
2012/04/10,3082,10602,6,220,7696,5519
2012/04/11,2969,10245,6,220,8376,5066
2012/04/12,2534,11108,6,220,8762,6367
2012/04/13,2474,8746,6,231,9248,5927
2012/04/16,2253,9069,6,231,9444,6910
2012/04/17,3254,8065,6,231,9771,10644
2012/04/18,2594,3120,6,231,5267,1860
2012/04/19,3242,3053,6,231,5634,2238
2012/04/20,2875,4777,6,224,5327,4064
2012/04/23,2974,4912,6,214,5401,3613
2012/04/24,3551,4066,6,214,6083,3447
2012/04/25,3398,4195,6,214,6321,3791
2012/04/26,3461,4095,6,214,7156,4739
2012/04/27,3572,3864,6,214,7340,5022
2012/04/30,3452,3678,6,214,7489,4958
2012/05/02,4418,2269,6,214,7647,3414
2012/05/03,3731,2372,6,214,7388,4606
2012/05/04,4126,3022,5,226,7220,4394
2012/05/07,3544,3276,5,240,7431,7512
2012/05/08,3796,3774,5,240,7708,7446
2012/05/09,4022,4419,5,226,7820,7736
2012/05/10,4176,5072,5,226,7583,7305
2012/05/11,6307,9559,5,203,8259,10637
2012/05/14,3906,5957,5,184,9133,10236
2012/05/15,4064,7301,5,184,7555,10076
2012/05/16,1207,2466,5,159,5880,3331
2012/05/17,1721,2568,5,159,7369,2781
2012/05/18,722,4093,5,159,6402,3140
2012/05/21,317,3228,5,159,7152,3112
2012/05/22,371,3081,5,159,7474,3243
2012/05/23,793,3327,5,159,6867,2992
2012/05/24,524,3797,5,77,7127,3368
2012/05/25,637,5193,5,77,6432,3760
2012/05/28,666,4158,5,77,7388,3384
2012/05/29,3017,3190,5,77,9137,3539
2012/05/30,926,2833,5,77,7536,4142
2012/05/31,1220,2826,5,77,8047,4208
2012/06/01,1064,3654,5,77,8016,6129
2012/06/04,1598,6782,5,72,8578,4744
2012/06/05,2386,5787,5,72,8819,4073
2012/06/06,2264,5955,5,77,8951,4310
2012/06/07,1777,5960,5,77,8377,4549
2012/06/08,1099,6113,5,77,8601,5148
2012/06/11,1276,4937,5,77,8112,4538
2012/06/12,1235,5796,85,77,8611,5026
2012/06/13,1563,5144,85,77,8572,5286
2012/06/14,3355,6580,85,77,8546,5084
2012/06/15,4850,8196,85,30,9675,5413
2012/06/18,5649,8460,86,30,8902,5668
2012/06/19,5984,7781,86,30,8995,7036
2012/06/20,764,2839,46,30,6155,1011
2012/06/21,672,3221,46,30,6455,1846
2012/06/22,1456,3560,46,25,6980,3308
2012/06/25,1910,4221,46,25,7428,4315
2012/06/26,1877,3027,46,25,7350,4030
2012/06/27,3147,2898,49,25,7927,4239
2012/06/28,3029,2747,49,30,7533,4391
2012/06/29,3223,3151,50,30,8151,4231
2012/07/02,3457,2871,50,35,8027,4315
2012/07/03,3899,2999,52,35,7508,4065
2012/07/04,4568,4108,52,35,7373,4179
2012/07/05,4460,4216,52,35,7602,4306
2012/07/06,4431,5660,55,35,7208,5482
2012/07/09,4720,5524,55,35,7431,6078
2012/07/10,4952,6997,57,35,7165,7649
2012/07/11,5242,7626,57,35,7445,7586
2012/07/12,6402,9395,58,30,6683,10797
2012/07/13,8089,10639,58,30,6334,11110
2012/07/16,9893,11975,62,30,6356,13228
2012/07/17,14326,13264,62,30,5292,14211
2012/07/18,2718,2740,17,30,4428,1581
2012/07/19,5326,2421,18,30,6146,812
2012/07/20,5095,2848,18,35,5932,1028
2012/07/23,3014,2656,20,35,5096,1356
2012/07/24,3207,3097,20,35,5284,1451
2012/07/25,4376,3135,22,35,4672,1445
2012/07/26,3964,2469,22,30,5218,1760
2012/07/27,5170,2664,22,35,6281,1420
2012/07/30,5718,3395,22,40,6580,1385
2012/07/31,5540,4250,23,40,7688,1394
2012/08/01,5759,4556,20,45,8438,1482
2012/08/03,3942,4776,20,45,7128,1655
2012/08/06,4312,4715,20,45,6545,2213
2012/08/07,4484,4772,20,45,6388,2082
2012/08/08,5055,3400,24,45,7128,1769
2012/08/09,7687,5435,27,45,9042,1931
2012/08/10,5306,4486,22,55,8839,2284
2012/08/13,6083,5250,22,55,9065,2234
2012/08/14,9047,7581,22,55,8344,972
2012/08/15,1768,1301,22,55,5910,717
2012/08/16,2667,1323,22,55,6335,1127
2012/08/17,2117,1193,18,62,5391,1762
2012/08/20,2828,1312,19,62,5844,1265
2012/08/21,3973,1154,20,62,7438,1805
2012/08/22,4597,1085,20,62,7104,2490
2012/08/23,4663,984,16,69,7018,2895
2012/08/24,4643,1034,16,69,7030,2924
2012/08/27,3044,1199,16,72,5927,3082
2012/08/28,3022,1372,16,72,5742,3545
2012/08/29,2865,1256,15,72,5928,3142
2012/08/30,2935,1791,15,72,5777,3058
2012/08/31,2571,1903,15,82,5752,3134
2012/09/03,3615,1656,15,82,6661,2846
2012/09/04,3306,1749,15,82,6196,3334
2012/09/05,3093,4922,15,82,5569,4275
2012/09/06,2945,4162,15,82,5706,4080
2012/09/07,3064,3388,15,82,5927,4533
2012/09/10,3578,3102,15,85,7729,4382
2012/09/11,3637,3141,15,85,8460,4760
2012/09/12,4383,3060,13,80,10027,4540
2012/09/13,5068,3758,13,80,8925,5418
2012/09/14,5056,2209,13,80,9458,5448
2012/09/17,4827,1845,12,85,9343,6393
2012/09/18,4613,1571,72,85,9778,6580
2012/09/19,1874,977,80,85,6614,3365
2012/09/20,2266,1604,80,85,6143,3562
2012/09/21,2420,1996,79,85,6497,3804
2012/09/24,2968,1652,79,85,6611,3684
2012/09/25,3107,1296,79,85,6415,4603
2012/09/26,3048,1418,79,80,6083,4990
2012/09/27,3193,1101,79,65,6667,4859
2012/09/28,3119,2305,79,65,6455,5290
2012/10/01,3391,3052,78,55,6408,5695
2012/10/02,3276,2986,78,47,6510,5630
2012/10/03,3126,3137,78,47,5995,6455
2012/10/04,3239,2651,78,32,6423,6932
2012/10/05,3010,2434,78,32,6357,7544
2012/10/08,2761,3082,78,0,6050,8558
2012/10/09,2862,4080,78,0,6477,9348
2012/10/11,3243,4322,78,0,5243,10973
2012/10/12,4287,4396,78,0,5104,11010
2012/10/15,3449,5032,78,0,5632,10683
2012/10/16,3702,3543,78,0,3234,11059
2012/10/17,1057,1751,18,0,2750,7972
2012/10/18,1359,1636,18,0,3034,7314
2012/10/19,1678,2871,18,0,2832,8544
2012/10/22,1731,2568,18,0,3429,7599
2012/10/23,1815,3343,19,0,3354,8456
2012/10/24,1849,3267,19,0,3804,8147
2012/10/25,2083,3062,19,0,3575,9297
2012/10/26,2483,4105,19,0,3979,10155
2012/10/29,3201,3849,19,0,4334,9626
2012/10/30,3697,3902,19,0,4413,9217
2012/10/31,4562,4149,17,20,4205,10073
2012/11/01,3999,2879,17,20,4356,9608
2012/11/02,3978,2055,17,62,4456,9763
2012/11/05,3869,2752,17,62,4459,9917
2012/11/06,3812,2468,17,62,4477,8859
2012/11/07,3840,2554,17,62,4653,9439
2012/11/08,4225,3040,17,68,4766,8774
2012/11/09,4715,2698,17,68,6565,8248
2012/11/12,4190,2695,17,71,5312,10310
2012/11/13,4682,3368,17,71,5336,12838
2012/11/14,6250,3969,77,93,5637,10520
2012/11/15,7119,5675,77,98,5587,10368
2012/11/16,7659,5394,77,98,5399,11452
2012/11/19,6103,2830,77,98,5439,12517
2012/11/20,7561,2824,77,98,5310,12216
2012/11/21,2131,2391,85,98,5644,11822
2012/11/22,2403,2580,85,93,5570,10771
2012/11/23,3628,2922,85,101,6234,8783
2012/11/26,4051,3137,85,101,5759,8862
2012/11/27,4417,2801,145,108,5640,8427
2012/11/28,4598,2640,145,108,5621,8420
2012/11/29,6519,3596,145,119,6063,8447
2012/11/30,7479,3841,145,119,5998,8084
2012/12/03,6992,3602,145,126,5857,8960
2012/12/04,7121,3813,145,126,5872,9631
2012/12/05,8110,4228,145,136,6269,9816
2012/12/06,7905,3964,145,136,5745,9633
2012/12/07,8488,3591,145,136,5978,10164
2012/12/10,7946,3185,145,136,6000,10433
2012/12/11,8840,3318,145,136,6630,10458
2012/12/12,8589,4549,145,136,7110,11293
2012/12/13,9805,5693,145,141,7886,11224
2012/12/14,9222,6786,145,141,7598,13167
2012/12/17,7468,6315,145,136,7306,13591
2012/12/18,8220,6149,145,141,7535,14060
2012/12/19,2365,2858,145,141,2445,2622
2012/12/20,2275,3973,145,141,2222,3863
2012/12/21,1544,3731,145,153,2984,4447
2012/12/22,1881,3495,145,153,2993,3959
2012/12/24,1651,3477,145,157,3136,3540
2012/12/25,2180,2135,145,157,2950,3584
2012/12/26,2254,2914,147,157,2905,4975
2012/12/27,3197,3194,147,164,3039,5565
2012/12/28,2780,2827,147,164,2921,5468
2013/01/02,3584,2540,147,157,3984,5292
2013/01/03,3605,1815,147,157,3888,5222
2013/01/04,3585,2172,145,157,3509,5272
2013/01/07,3655,3078,205,157,4112,5777
2013/01/08,3658,4098,207,157,3777,7249
2013/01/09,3820,2594,207,157,3868,6641
2013/01/10,4431,2737,207,159,3921,5405
2013/01/11,4151,3333,204,159,3235,6349
2013/01/14,4570,2532,206,155,4031,6240
2013/01/15,4075,3910,206,164,3994,6900
2013/01/16,3167,2389,146,189,2009,6792
2013/01/17,2945,4184,146,199,2024,7002
2013/01/18,3157,2719,149,190,2434,5575
2013/01/21,3153,3333,149,190,2430,6257
2013/01/22,4076,2624,146,190,2574,5781
2013/01/23,3559,3448,146,158,2046,6992
2013/01/24,4346,3248,146,151,2123,6748
2013/01/25,4461,3816,146,151,2396,7925
2013/01/28,4650,2571,146,158,2801,7513
2013/01/29,6199,1923,148,161,3625,8851
2013/01/30,5313,1870,148,156,3172,9458
2013/01/31,6785,1886,148,152,3641,8705
2013/02/01,7034,2058,148,155,3236,9667
2013/02/04,8745,2443,148,157,2928,9964
2013/02/05,7208,2575,148,157,2873,10727
2013/02/06,6721,2992,148,147,2948,11529
2013/02/18,8067,3280,148,159,3519,10580
2013/02/19,8730,3076,148,159,3362,10034
2013/02/20,2970,2259,190,159,3702,2047
2013/02/21,3793,4376,190,159,3645,3415
2013/02/22,4329,4633,190,154,4346,3790
2013/02/23,4609,4705,190,137,4386,3440
2013/02/25,4462,5530,190,137,5210,4561
2013/02/26,4509,5894,190,137,4793,4397
2013/02/27,4090,5894,190,137,4816,4530
2013/03/01,4431,5580,190,137,5458,4144
2013/03/04,4327,8581,190,141,5716,6245
2013/03/05,4520,6525,190,138,6855,4695
2013/03/06,4365,6946,190,131,6249,4849
2013/03/07,4303,6773,190,134,6024,4677
2013/03/08,5411,4889,190,131,6071,3042
2013/03/11,5600,4628,190,131,6394,2746
2013/03/12,5887,6402,190,131,4944,3346
2013/03/13,5721,5422,190,131,6607,4046
2013/03/14,5690,8011,190,131,6825,5768
2013/03/15,5286,11043,189,131,6639,5958
2013/03/18,5459,12263,190,131,6375,6795
2013/03/19,6430,11872,186,131,6149,5487
2013/03/20,1921,7362,187,131,4756,2386
2013/03/21,2408,7235,187,131,4953,2393
2013/03/22,2370,7523,227,131,5283,2040
2013/03/25,3028,7559,227,126,5602,1169
2013/03/26,2729,7795,227,126,5434,1162
2013/03/27,2783,7465,227,126,6020,1420
2013/03/28,2856,8325,229,130,6279,1276
2013/03/29,3447,7004,227,130,8500,1434
2013/04/01,3271,7361,227,130,8178,2312
2013/04/02,3179,8399,227,130,8148,2540
2013/04/03,3257,9043,229,130,8420,2061
2013/04/08,3736,15214,229,130,6245,2995
2013/04/09,3919,15127,228,130,6314,2885
2013/04/10,4041,14848,227,130,6324,2411
2013/04/11,4315,11719,227,130,7600,1490
2013/04/12,4328,12965,230,130,7538,1739
2013/04/15,4629,14110,233,110,7661,1480
2013/04/16,5049,14238,329,120,7938,1738
2013/04/17,3790,3822,128,10,3606,2113
2013/04/18,5109,4670,128,10,4729,2187
2013/04/19,8827,4443,130,10,7563,1796
2013/04/22,8145,4942,131,10,6158,1939
2013/04/23,7534,5855,128,33,5654,2071
2013/04/24,8171,5134,131,43,5301,2011
2013/04/25,9145,4729,131,43,5777,1869
2013/04/26,9066,5211,129,78,6362,2009
2013/04/29,9201,4546,129,85,6992,2188
2013/04/30,9547,4409,129,95,7025,3201
2013/05/02,9959,4026,129,108,8501,2544
2013/05/03,9857,4235,129,108,8136,2544
2013/05/06,9778,4375,129,108,8292,3293
2013/05/07,10577,4060,129,108,9424,3965
2013/05/08,11084,6101,129,108,9252,3857
2013/05/09,11243,6543,129,108,8753,4161
2013/05/10,11294,6504,128,108,8620,4038
2013/05/13,11336,7081,128,108,8450,4578
2013/05/14,11024,6102,128,108,8235,3888
2013/05/15,5131,929,28,90,5440,1757
2013/05/16,6419,1419,28,90,5909,3623
2013/05/17,5714,1437,28,90,5727,3960
2013/05/20,5188,1434,28,90,5566,4069
2013/05/21,4848,1506,28,90,5709,3282
2013/05/22,3868,1888,28,90,4801,3103
2013/05/23,4447,6659,28,78,3710,3056
2013/05/24,4535,6850,28,66,4379,2644
2013/05/27,3957,4430,28,66,4742,2847
2013/05/28,3964,4587,28,66,4695,3054
2013/05/29,4077,3404,28,66,5590,2996
2013/05/30,4464,3889,30,66,4468,3684
2013/05/31,4531,6082,28,66,4533,4378
2013/06/03,4820,5389,28,66,6097,3537
2013/06/04,4726,7275,28,66,4776,3948
2013/06/05,4781,6935,28,66,5504,3876
2013/06/06,4586,9080,28,45,4659,5129
2013/06/07,4546,8982,30,0,4802,5509
2013/06/10,3883,8117,28,0,4992,5774
2013/06/11,4454,9146,29,0,5041,5665
2013/06/13,5941,14559,27,1,5181,8272
2013/06/14,6167,15011,27,1,5355,8029
2013/06/17,6069,14044,27,1,6481,6987
2013/06/18,4768,11295,27,1,7687,7178
2013/06/19,1869,2100,27,0,3049,4395
2013/06/20,1836,6120,28,0,3204,6123
2013/06/21,1874,7691,27,0,3535,6948
2013/06/24,1836,7581,27,0,3853,7094
2013/06/25,2412,8955,27,0,3855,6384
2013/06/26,2510,8541,27,1,3773,5473
2013/06/27,3091,6951,27,0,3739,5031
2013/06/28,4133,4291,27,0,4474,3225
2013/07/01,5647,3732,41,0,4829,2796
2013/07/02,6208,4032,45,0,4585,2753
2013/07/03,3740,5969,47,0,3737,3613
2013/07/04,3733,5128,47,0,3754,3192
2013/07/05,4664,4476,49,0,4601,2744
2013/07/08,3243,7893,49,0,3671,4735
2013/07/09,3627,4298,49,0,4333,2405
2013/07/10,4129,4216,49,0,4076,2388
2013/07/11,4918,3408,50,0,4988,2253
2013/07/12,5011,3684,51,0,4440,2274
2013/07/15,4818,4155,52,0,4417,2409
2013/07/16,5475,4103,56,0,4321,2353
2013/07/17,2899,3050,54,0,2998,1597
2013/07/18,2735,3630,54,0,2917,1900
2013/07/19,2456,9310,53,0,2946,4136
2013/07/22,2790,7171,55,0,3523,3690
2013/07/23,3570,6475,58,0,3782,3592
2013/07/24,3673,6647,59,0,3486,3678
2013/07/25,3950,7331,55,0,3720,3428
2013/07/26,3779,9075,55,0,3559,3794
2013/07/29,3919,10600,53,0,3502,3738
2013/07/30,5924,8532,50,0,3800,2981
2013/07/31,4796,12185,51,0,3411,4300
2013/08/01,5094,14092,54,0,3397,4645
2013/08/02,5258,13963,54,0,2511,4201
2013/08/05,6849,12307,55,0,2774,3488
2013/08/06,6641,17692,56,0,2639,6361
2013/08/07,5519,20988,54,1,2844,5826
2013/08/08,5000,21623,54,1,3037,5440
2013/08/09,5349,21163,54,2,3050,5439
2013/08/12,5346,19802,54,4,3003,4901
2013/08/13,8052,18136,54,4,3186,4038
2013/08/14,6489,19434,55,4,2621,4100
2013/08/15,7615,19607,53,1,2810,4081
2013/08/16,8766,17341,53,1,3523,4293
2013/08/19,8670,17577,53,1,3391,5162
2013/08/20,8670,18010,46,1,3269,6676
2013/08/22,2708,4185,46,0,1967,5233
2013/08/23,5736,3057,46,0,2776,5118
2013/08/26,6005,2507,47,0,2926,5219
2013/08/27,4669,3661,47,0,3159,5384
2013/08/28,7121,2245,47,0,2293,5161
2013/08/29,11848,2318,49,0,3054,4589
2013/08/30,12747,2765,49,0,3520,6230
2013/09/02,14634,2820,51,0,3554,5732
2013/09/03,14232,3221,51,0,3166,6086
2013/09/04,14677,1892,51,0,2811,4953
2013/09/05,15430,2248,51,0,3231,5233
2013/09/06,16347,2254,43,0,3214,5003
2013/09/09,16737,2366,45,0,2921,5041
2013/09/10,15898,2472,45,0,3181,5189
2013/09/11,15886,2242,47,0,3300,4926
2013/09/12,15463,2160,47,0,4002,4597
2013/09/13,13844,2487,47,0,4811,4654
2013/09/14,14674,2646,47,0,5388,4660
2013/09/16,15549,3103,47,0,5467,4729
2013/09/17,15076,2019,47,0,5448,4743
2013/09/18,2929,2492,39,0,3220,1943
2013/09/23,4594,1446,39,0,3841,2041
2013/09/24,6120,1618,38,0,3646,2221
2013/09/25,4667,2083,38,0,3383,2125
2013/09/26,4622,3148,35,0,3180,2585
2013/09/27,4862,3124,35,0,3570,2300
2013/09/30,6104,4177,35,0,3625,2426
2013/10/01,6697,3894,35,0,3788,2325
2013/10/02,5920,2873,35,0,3738,2335
2013/10/03,9294,2637,35,0,4354,2812
2013/10/04,7348,2497,38,0,3391,2908
2013/10/07,5631,2789,38,0,3093,3317
2013/10/08,7033,3247,38,0,2997,3062
2013/10/09,6129,3497,38,0,2200,2451
2013/10/11,5594,4635,38,0,2335,2689
2013/10/14,5785,5448,38,0,2377,3191
2013/10/15,6130,4911,38,0,3135,2793
2013/10/16,2582,2395,35,0,3623,2414
2013/10/17,3069,4575,25,0,3556,2359
2013/10/18,4694,3704,25,0,4628,2175
2013/10/21,4168,4497,25,0,3923,2368
2013/10/22,5235,3568,25,0,4466,2255
2013/10/23,3996,6312,26,0,3329,2354
2013/10/24,3478,4058,26,0,4081,2188
2013/10/25,4003,7979,26,0,3085,2482
2013/10/28,3527,3611,27,0,4096,2647
2013/10/29,5054,3366,26,0,4615,2464
2013/10/30,5422,3009,27,0,4797,2597
2013/10/31,6133,3338,28,0,5619,2637
2013/11/01,2734,5382,28,0,5156,3172
2013/11/04,3349,7326,29,0,4849,3683
2013/11/05,3339,10089,29,4,4119,3934
2013/11/06,2839,10956,29,23,3775,3414
2013/11/07,2758,11612,29,26,3938,3344
2013/11/08,2931,11733,29,49,4838,4177
2013/11/11,3295,15144,29,52,4334,4482
2013/11/12,2955,13816,28,78,4279,4451
2013/11/13,3425,18402,28,69,2812,4104
2013/11/14,4229,17289,28,174,3004,4126
2013/11/15,4495,15927,28,174,2472,4091
2013/11/18,6160,14999,28,174,2896,4012
2013/11/19,5664,12436,28,148,3382,3936
2013/11/20,2996,7033,28,71,2083,2518
2013/11/21,3955,11406,28,51,2274,3430
2013/11/22,4142,10065,28,52,2588,3651
2013/11/25,4881,7110,28,52,2619,3038
2013/11/26,6100,4515,29,53,2608,2994
2013/11/27,7021,3616,29,53,2755,3352
2013/11/28,7943,3974,29,53,3257,3986
2013/11/29,9408,3743,29,132,3389,3516
2013/12/02,8573,3698,29,132,3516,3915
2013/12/03,8111,3539,29,132,3450,3556
2013/12/04,10754,3486,29,132,2856,3253
2013/12/05,7296,3302,29,87,2774,3095
2013/12/06,8122,3625,29,87,2832,2761
2013/12/09,8714,5170,31,87,3543,3870
2013/12/10,9331,4544,31,87,3396,3357
2013/12/11,6579,2996,31,87,3286,3104
2013/12/12,5507,2901,31,89,3700,3200
2013/12/13,6025,4131,32,89,3348,3365
2013/12/16,6905,7423,31,89,3118,3547
2013/12/17,6816,6592,31,89,2875,3768
2013/12/18,1941,2357,24,87,1556,2875
2013/12/19,3394,2206,25,97,1538,2706
2013/12/20,6054,1955,25,97,1622,2929
2013/12/23,7654,2607,25,98,2065,3270
2013/12/24,8221,2897,25,98,2182,3081
2013/12/25,8619,2433,25,98,2296,3730
2013/12/26,8708,2483,25,98,2614,3741
2013/12/27,10444,2694,26,90,2920,3559
2013/12/30,12751,3605,27,91,3304,3583
2013/12/31,12060,3981,27,91,3077,3780
2014/01/02,11369,3337,27,92,3002,3271
2014/01/03,7915,4302,27,91,2703,3259
2014/01/06,8903,5404,27,90,3448,4026
2014/01/07,9175,5806,27,91,3657,4559
2014/01/08,7486,3750,27,92,2418,4236
2014/01/09,6360,4430,27,92,2300,4709
2014/01/10,7706,4139,29,92,2465,4810
2014/01/13,6985,3253,29,88,2401,5378
2014/01/14,7411,3116,29,88,1961,5170
2014/01/15,4571,1829,25,88,2783,1939
2014/01/16,3370,2239,25,88,2150,2272
2014/01/17,3269,4155,25,88,2349,2233
2014/01/20,3546,3800,25,88,2571,1811
2014/01/21,4224,5425,25,88,2227,1817
2014/01/22,3992,3935,34,88,2343,1627
2014/01/23,3718,6019,33,88,2604,2577
2014/01/24,4042,3417,42,88,2964,2242
2014/01/27,4399,9287,49,88,2166,3723
2014/02/05,4789,13790,53,9,2065,2774
2014/02/06,4848,11472,53,7,2745,2868
2014/02/07,6573,10077,52,8,3487,2778
2014/02/10,7204,8576,52,8,3896,3084
2014/02/11,8877,6301,52,7,4216,2905
2014/02/12,8711,3279,54,7,3792,1977
2014/02/13,9117,3541,55,7,4163,1898
2014/02/14,10864,4165,53,7,4748,1678
2014/02/17,10718,4354,53,7,4756,1663
2014/02/18,11737,3634,50,7,4861,1720
2014/02/19,6759,816,33,0,2555,1501
2014/02/20,5133,1830,33,0,3136,1829
2014/02/21,8027,2175,33,0,3882,1555
2014/02/24,5875,2495,33,0,3676,1543
2014/02/25,6535,2928,35,0,3910,1574
2014/02/26,9017,2029,35,0,4732,1604
2014/02/27,10292,2516,35,0,4882,1555
2014/03/03,8670,4234,35,0,4569,1840
2014/03/04,8427,4198,35,0,4435,1767
2014/03/05,8501,2817,35,0,4704,1568
2014/03/06,14008,3553,37,0,5929,1487
2014/03/07,13859,4270,37,0,6299,1391
2014/03/10,13027,5206,37,0,5990,1568
2014/03/11,14633,5888,37,0,6350,1586
2014/03/12,9583,4243,37,0,6112,1632
2014/03/13,14117,3855,37,0,7233,2025
2014/03/14,12087,4076,37,0,6570,2294
2014/03/17,11517,3334,37,0,6778,2328
2014/03/18,12336,4601,37,0,6755,2243
2014/03/19,5063,1252,34,0,3220,1598
2014/03/20,4082,4127,33,0,2253,2126
2014/03/21,4487,4551,33,2,2671,2055
2014/03/24,4402,3870,33,2,3614,2293
2014/03/25,8061,3252,33,1,3642,1567
2014/03/26,9776,2153,33,0,3638,1462
2014/03/27,13105,2538,35,0,5106,1624
2014/03/28,12683,2730,33,0,5062,1830
2014/03/31,14281,3000,33,0,5435,2352
2014/04/01,16247,3197,33,0,6223,2312
2014/04/02,14972,2373,33,0,5726,1453
2014/04/03,16449,2693,33,0,6121,1396
2014/04/07,16906,3218,33,0,6037,1420
2014/04/08,17970,4388,33,0,5860,1437
2014/04/09,17419,3964,33,0,6047,1612
2014/04/10,17530,4199,33,0,5740,1617
2014/04/11,16879,3057,33,42,5696,1601
2014/04/14,17355,3520,33,42,5192,1451
2014/04/15,20706,3853,33,42,5119,661
2014/04/16,11086,1143,33,0,3495,625
2014/04/17,11283,1176,33,0,4249,836
2014/04/18,9036,1131,33,0,4716,1288
2014/04/21,9218,1333,33,0,5154,1328
2014/04/22,10616,2077,33,0,5875,1140
2014/04/23,7722,1687,33,0,5987,981
2014/04/24,8516,2816,33,0,6467,1076
2014/04/25,7500,9648,33,0,5307,2209
2014/04/28,8316,7466,33,7,5532,2193
2014/04/29,9799,8328,33,0,5888,2248
2014/04/30,7751,11136,33,0,5807,2086
2014/05/02,8426,8412,33,0,6671,1832
2014/05/05,8484,10102,33,0,6040,1945
2014/05/06,9449,10171,33,0,7616,2323
2014/05/07,7282,11256,33,0,7918,2110
2014/05/08,8655,11112,33,0,9716,2137
2014/05/09,8635,12333,33,0,8272,2532
2014/05/12,8900,12627,33,0,7195,2513
2014/05/13,9456,14157,33,0,8959,2958
2014/05/14,9201,11346,33,0,11077,2790
2014/05/15,8923,11547,33,0,10034,2831
2014/05/16,9339,11410,33,0,9017,2982
2014/05/19,8730,10796,33,0,9388,3083
2014/05/20,9197,10486,33,0,8694,2865
2014/05/21,3852,2013,33,0,2485,1873
2014/05/22,6253,1962,33,0,4155,647
2014/05/23,6860,2486,33,0,4698,768
2014/05/26,7331,2720,33,0,4475,748
2014/05/27,7738,2751,33,0,4307,823
2014/05/28,8916,1899,33,0,3531,1079
2014/05/29,8634,2206,33,0,3031,1213
2014/05/30,8329,2236,33,0,2628,1320
2014/06/03,8105,2322,33,0,2546,1815
2014/06/04,7700,1931,33,0,2592,1465
2014/06/05,8126,2064,33,0,2773,2727
2014/06/06,8135,2050,33,0,2892,2539
2014/06/09,8458,2171,33,0,3290,2607
2014/06/10,9440,2688,33,0,3921,1836
2014/06/11,9170,2125,33,0,4063,1797
2014/06/12,9246,2224,48,0,4137,2159
2014/06/13,8560,2265,48,0,4125,2531
2014/06/16,8382,2597,48,0,4684,2096
2014/06/17,8250,3396,48,0,4781,2704
2014/06/18,2649,2048,45,0,3573,544
2014/06/19,2728,3258,45,0,4001,691
2014/06/20,2821,4026,52,0,2679,701
2014/06/23,3255,5004,52,0,3475,745
2014/06/24,2475,4638,84,0,3014,960
2014/06/25,1733,3097,84,0,2978,1025
2014/06/26,2904,3099,85,0,5029,1533
2014/06/27,2726,3174,85,0,4837,1621
2014/06/30,3849,3792,85,0,5054,1825
2014/07/01,3871,4459,145,0,5430,1945
2014/07/02,3385,3338,147,0,5983,3156
2014/07/03,4754,2987,148,0,6529,3570
2014/07/04,4575,3062,148,0,6339,4076
2014/07/07,4582,3145,148,0,7098,4252
2014/07/08,5957,3971,150,0,8076,4276
2014/07/09,4780,3804,150,0,8264,4632
2014/07/10,5756,4519,150,4,9500,4550
2014/07/11,5815,8156,152,8,5293,5013
2014/07/14,5395,7693,152,8,6318,4956
2014/07/15,5259,8583,152,12,6362,5121
2014/07/16,3283,6285,183,12,4333,4736
2014/07/17,3797,8739,183,12,4124,4894
2014/07/18,4822,8328,183,12,4051,5215
2014/07/21,5165,8078,183,12,4172,4938
2014/07/22,5783,7517,183,12,5240,4938
2014/07/24,4760,4555,184,12,4517,4848
2014/07/25,3997,5544,184,12,3743,8262
2014/07/28,5266,5991,184,12,3878,8178
2014/07/29,4121,7149,184,12,4366,9637
2014/07/30,6376,6446,183,12,4796,9562
2014/07/31,4627,9924,182,12,4663,10337
2014/08/01,5524,10739,182,12,4824,10392
2014/08/04,6109,11097,182,12,4844,10252
2014/08/05,7754,21508,182,12,4948,10102
2014/08/06,4475,17602,180,12,4453,10032
2014/08/07,4537,18165,180,12,4538,9970
2014/08/08,6155,18213,181,12,4774,10211
2014/08/11,5900,17942,181,12,4745,10174
2014/08/12,6736,18868,182,12,4970,10123
2014/08/13,6019,13590,181,12,4798,9950
2014/08/14,6079,12778,182,12,4836,9987
2014/08/15,5877,13217,184,12,3586,10058
2014/08/18,5376,13019,184,12,3528,10244
2014/08/19,7749,9571,188,12,3826,10047
2014/08/20,4718,5127,168,12,3532,5490
2014/08/21,5317,6826,168,12,3532,5740
2014/08/22,6557,4963,168,12,3827,5846
2014/08/25,6679,5770,168,12,3836,6033
2014/08/26,6794,6045,166,12,3892,6065
2014/08/27,6672,4551,167,12,3765,5992
2014/08/28,6574,4628,167,12,3794,6005
2014/08/29,6888,5421,167,12,3953,6388
2014/09/01,7935,5632,167,12,3969,6387
2014/09/02,8051,12168,167,12,3936,6292
2014/09/03,5712,6982,167,12,4016,6292
2014/09/04,6590,7742,167,12,4067,6322
2014/09/05,6714,9406,167,12,4044,6273
2014/09/09,6917,9927,167,12,4048,6278
2014/09/10,6730,12518,167,12,4061,6276
2014/09/11,7362,13398,167,12,3951,6277
2014/09/12,8202,15778,167,12,3957,6281
2014/09/15,8063,15630,167,12,4023,6275
2014/09/16,5299,17387,167,12,3949,6191
2014/09/17,1556,7940,67,12,2777,5104
2014/09/18,1930,9888,67,12,2910,5154
2014/09/19,3255,11123,124,12,2983,5253
2014/09/22,4570,14907,124,12,2914,5328
2014/09/23,5116,14707,124,12,3346,5620
2014/09/24,2918,13377,124,12,3341,5880
2014/09/25,3500,17449,124,52,3951,6636
2014/09/26,4657,16635,124,52,4121,6786
2014/09/29,5239,17651,144,52,4574,7175
2014/09/30,5851,17554,144,52,4953,7883
2014/10/01,2913,12426,144,52,4966,7977
2014/10/02,2928,12525,144,72,5106,7981
2014/10/03,4289,11991,164,92,5268,7752
2014/10/06,4824,15430,163,92,5202,7839
2014/10/07,5344,16102,154,92,5447,7911
2014/10/08,4006,15550,134,102,5478,8057
2014/10/09,3915,15711,134,102,6207,8600
2014/10/13,2858,16924,134,90,6293,9075
2014/10/14,3455,16328,195,50,6922,9584
2014/10/15,1780,9885,155,50,2527,6505
2014/10/16,3228,11241,155,50,2641,6556
2014/10/17,4770,13470,175,50,2625,6522
2014/10/20,6390,11232,175,50,2827,6640
2014/10/21,7062,12279,175,50,2776,6558
2014/10/22,2034,5861,175,50,3038,5647
2014/10/23,2628,7015,175,50,2892,5722
2014/10/24,3234,10063,175,0,2822,5667
2014/10/27,3220,9315,184,0,3068,5615
2014/10/28,3269,5328,184,0,3416,5842
2014/10/29,3823,4096,175,0,2997,5678
2014/10/30,2976,4614,175,0,2987,5697
2014/10/31,4601,4498,175,0,2944,5676
2014/11/03,4260,4590,175,0,3160,5823
2014/11/04,5052,4562,175,0,3269,5953
2014/11/05,2576,4862,175,0,3248,5933
2014/11/06,2780,7232,175,0,3337,6206
2014/11/07,2886,6599,175,0,3400,6052
2014/11/10,5624,7041,175,0,3948,6084
2014/11/11,4784,8255,175,0,3531,6127
2014/11/12,2594,9042,175,0,3291,6039
2014/11/13,2820,6882,175,0,3573,6053
2014/11/14,3051,6797,175,0,3628,5954
2014/11/17,4078,7548,175,0,3630,5891
2014/11/18,2177,9390,255,0,3552,6130
2014/11/19,1439,5139,211,0,3007,3044
2014/11/20,2615,4813,211,0,3100,3071
2014/11/21,2866,5576,211,0,2606,3019
2014/11/24,3731,6478,211,0,2461,2996
2014/11/25,4922,7405,201,0,2519,3030
2014/11/26,2694,5094,201,0,2447,3070
2014/11/27,4329,5254,201,0,2308,3064
2014/11/28,4674,5922,201,0,2249,3081
2014/12/01,5666,6544,201,34,2098,3046
2014/12/02,6542,11479,201,68,2065,3080
2014/12/03,4384,3543,201,68,2693,2985
2014/12/04,5017,4994,201,68,2500,3039
2014/12/05,5199,5436,201,68,2342,3144
2014/12/08,4757,7330,201,68,2305,3272
2014/12/09,5095,9652,201,68,2383,3467
2014/12/10,3642,12309,201,68,1986,3655
2014/12/11,4053,11540,201,68,2648,3996
2014/12/12,3993,10880,201,68,3348,4661
2014/12/15,4608,10478,201,68,3435,4377
2014/12/16,4260,12687,201,68,3329,4519
2014/12/17,1277,7844,201,68,1142,1572
2014/12/18,2225,7873,201,50,1297,1508
2014/12/19,5245,5196,202,50,1384,1321
2014/12/22,7253,4858,202,50,1400,1246
2014/12/23,7634,5162,202,50,1446,1295
2014/12/24,7896,3361,202,50,1484,1258
2014/12/25,8586,3640,202,50,1472,1261
2014/12/26,8967,4437,202,50,1445,1311
2014/12/27,10266,4622,202,50,1447,1311
2014/12/29,12621,5812,202,50,1477,1275
2014/12/30,11773,6139,202,50,1480,1418
2014/12/31,7530,4206,202,50,1572,1484
2015/01/05,8070,5381,202,50,1762,1463
2015/01/06,3028,6749,202,50,1599,1575
2015/01/07,2444,6964,202,60,1450,1541
2015/01/08,8328,5960,202,60,1722,1369
2015/01/09,7276,8239,202,60,1553,1778
2015/01/12,7928,8546,202,60,1611,1654
2015/01/13,8772,8360,202,60,1638,1737
2015/01/14,5399,7036,202,60,1564,1956
2015/01/15,5380,6758,202,60,1699,1758
2015/01/16,4558,7590,202,60,1593,2100
2015/01/19,5810,8587,202,63,1672,1990
2015/01/20,8205,8508,202,63,1899,1762
2015/01/21,3306,4339,222,63,1897,706
2015/01/22,4274,5309,222,63,2100,782
2015/01/23,5235,4854,222,63,2134,745
2015/01/26,6269,4906,222,63,2087,724
2015/01/27,7551,5713,222,63,1985,760
2015/01/28,6813,3749,222,63,2229,855
2015/01/29,4424,6042,222,63,2147,901
2015/01/30,4907,7489,222,63,2176,962
2015/02/02,6039,8487,222,63,2250,900
2015/02/03,7532,9241,222,63,2396,903
2015/02/04,7200,7594,222,63,2407,899
2015/02/05,7731,8550,222,63,2534,895
2015/02/06,6063,9703,222,63,2280,917
2015/02/09,6566,10351,222,63,2367,917
2015/02/10,6071,11870,222,63,2090,974
2015/02/11,4194,8649,222,63,2389,1142
2015/02/12,2500,6798,222,63,2270,1146
2015/02/13,3354,6675,222,63,2530,1102
2015/02/24,3508,1154,182,63,2905,784
2015/02/25,6265,1227,182,63,2552,816
2015/02/26,5368,2386,182,31,2529,831
2015/03/02,5537,4636,182,31,2547,873
2015/03/03,5236,5484,182,31,2494,897
2015/03/04,3810,2592,182,31,2781,903
2015/03/05,4632,4378,182,31,2656,972
2015/03/06,5816,4257,182,31,2615,1050
2015/03/09,5001,5509,182,31,2306,1249
2015/03/10,5700,7726,182,31,2142,1419
2015/03/11,3415,4340,182,31,2934,1462
2015/03/12,5645,4409,182,31,3199,1319
2015/03/13,5518,5345,182,31,2827,1324
2015/03/16,3577,4800,182,43,2483,1634
2015/03/17,4247,5833,182,43,2357,1829
2015/03/18,5772,4090,182,43,2310,981
2015/03/19,6970,5288,182,43,2229,997
2015/03/20,5742,5770,182,43,1980,1041
2015/03/23,6514,6081,182,43,2009,1097
2015/03/24,6117,6596,202,43,2006,1107
2015/03/25,3498,6860,202,43,1908,1186
2015/03/26,2548,8015,202,43,1965,1462
2015/03/27,2853,11053,202,43,1540,1534
2015/03/30,2740,10627,202,43,1679,1589
2015/03/31,3258,9932,202,43,1812,1684
2015/04/01,2606,8884,202,43,1740,1987
2015/04/02,4259,7730,202,0,1955,1532
2015/04/07,4373,8226,202,0,2128,1530
2015/04/08,2590,8941,202,0,1870,1744
2015/04/09,2967,8210,202,0,1935,1692
2015/04/10,3894,7398,202,0,2376,1444
2015/04/13,4308,8279,202,0,2236,1366
2015/04/14,3980,8718,202,0,2470,1490
2015/04/15,2602,3020,202,0,1310,1998
2015/04/16,8247,2418,202,0,1917,1350
2015/04/17,6114,4504,202,0,1530,1477
2015/04/20,6707,5071,202,0,1822,1386
2015/04/21,6462,6273,202,0,1574,1508
2015/04/22,7281,3586,203,0,2306,1189
2015/04/23,16509,4813,207,0,2510,991
2015/04/24,18834,7093,210,0,2611,1797
2015/04/27,20865,7783,202,0,3433,1804
2015/04/28,19976,8621,202,0,4449,2949
2015/04/29,12946,5755,202,0,4796,3520
2015/04/30,12506,7120,202,0,5961,4719
2015/05/04,12537,8410,202,0,6910,5812
2015/05/05,13351,9045,202,0,7577,6827
2015/05/06,14151,9531,202,0,8020,7267
2015/05/07,13407,11667,202,0,2028,8749
2015/05/08,14303,12051,202,0,2028,9903
2015/05/11,16693,14329,202,0,1987,11016
2015/05/12,15988,14233,202,0,2021,11543
2015/05/13,13212,8103,202,0,2063,11661
2015/05/14,14779,12877,202,0,1750,12511
2015/05/15,15323,12489,202,0,1751,12979
2015/05/18,14872,11572,202,0,1972,13032
2015/05/19,15090,8489,202,0,2197,12892
2015/05/20,4171,2727,202,0,2047,11709
2015/05/21,5437,6197,202,0,1834,12416
2015/05/22,7939,4275,202,0,2079,12021
2015/05/25,9046,4505,202,0,2073,12120
2015/05/26,9487,5583,202,0,1932,12266
2015/05/27,7792,3346,202,0,2182,12123
2015/05/28,10695,3951,202,0,2124,12089
2015/05/29,9748,5019,202,0,2014,12291
2015/06/01,10094,7541,202,0,1980,12828
2015/06/02,10390,8509,202,0,2021,12339
2015/06/03,5088,6878,202,0,2008,12854
2015/06/04,5945,9298,202,0,2001,12685
2015/06/05,6789,9261,202,0,2068,12309
2015/06/08,8262,10063,202,0,2263,12148
2015/06/09,9196,11616,202,0,2284,12054
2015/06/10,7759,9491,202,0,2351,11969
2015/06/11,7708,9114,202,0,2401,11958
2015/06/12,8393,10389,202,0,2417,12063
2015/06/15,8234,8430,202,0,2495,12025
2015/06/16,8832,10169,202,0,2366,12188
2015/06/17,3231,7485,202,0,461,10872
2015/06/18,3686,7910,202,0,550,10896
2015/06/22,4432,6790,202,0,342,10753
2015/06/23,4587,6551,202,0,190,10718
2015/06/24,3670,4454,202,0,217,10566
2015/06/25,5746,6012,202,0,358,10380
2015/06/26,6444,6399,221,0,435,10404
2015/06/29,6301,8229,243,0,258,10613
2015/06/30,7116,7505,248,0,516,10424
2015/07/01,5307,3721,248,0,685,10442
2015/07/02,5698,4235,248,0,429,10442
2015/07/03,7044,5721,252,0,321,8816
2015/07/06,7398,8170,252,0,204,8944
2015/07/07,7057,8445,252,0,166,8835
2015/07/08,3374,9843,257,0,103,10002
2015/07/09,3855,10338,257,0,91,9470
2015/07/13,5088,7481,262,0,122,9103
2015/07/14,5676,6742,269,0,328,9259
2015/07/15,3940,4893,94,180,168,8415
2015/07/16,5065,6610,94,180,199,8422
2015/07/17,6043,6580,94,180,273,8452
2015/07/20,7207,9341,95,180,196,8620
2015/07/21,8675,8493,95,180,254,8442
2015/07/22,3337,8163,101,180,154,9064
2015/07/23,3987,10463,88,180,119,9150
2015/07/24,4335,11380,88,180,124,9363
2015/07/27,4518,13633,96,180,71,9250
2015/07/28,4446,15514,96,180,66,9416
2015/07/29,2745,13363,98,180,74,9114
2015/07/30,3500,10097,98,180,725,8789
2015/07/31,3056,9683,98,180,128,8987
2015/08/03,4046,8832,103,180,130,8861
2015/08/04,3720,9341,103,180,195,8822
2015/08/05,3528,8422,105,180,290,8789
2015/08/06,4356,10375,105,180,81,9281
2015/08/07,5368,10718,93,180,241,8899
2015/08/10,6729,10956,93,180,540,8870
2015/08/11,7650,12903,93,180,551,8973
2015/08/12,3662,8769,95,180,741,4805
2015/08/13,3593,9258,79,180,605,4929
2015/08/14,4544,9073,60,180,1178,4034
2015/08/17,5345,9472,60,180,928,4343
2015/08/18,5633,9857,60,180,1111,4756
2015/08/19,1717,5976,220,0,110,5427
2015/08/20,3204,6140,254,0,76,4747
2015/08/21,5415,8426,207,0,96,4871
2015/08/24,14782,11284,207,0,801,4189
2015/08/25,16720,12938,207,0,728,4196
2015/08/26,8268,5483,207,0,591,4216
2015/08/27,10230,6558,202,0,857,4933
2015/08/28,11763,6995,202,0,1455,5563
2015/08/31,13479,9843,194,0,1504,5347
2015/09/01,13596,11007,194,16,1438,5542
2015/09/02,9423,6768,198,28,2230,1501
2015/09/03,10167,7068,198,0,2466,1659
2015/09/04,10851,8334,201,0,2472,1657
2015/09/07,12564,10910,201,0,2555,1501
2015/09/08,14586,12090,201,0,2327,1577
2015/09/09,11333,10454,201,0,2473,1475
2015/09/10,10039,11932,201,0,2268,2458
2015/09/11,11305,13102,201,0,2273,2433
2015/09/14,12602,12355,201,0,2256,2591
2015/09/15,12467,14322,201,0,2253,2583
2015/09/16,3329,4896,201,0,2270,351
2015/09/17,5179,7362,201,0,2652,358
2015/09/18,6031,8088,197,0,2345,433
2015/09/21,6381,9526,197,0,2179,640
2015/09/22,7234,9900,197,0,2528,433
2015/09/23,2952,7546,197,0,2492,827
2015/09/24,3420,8187,197,0,2432,820
2015/09/25,4335,8835,186,0,2468,685
2015/09/30,2172,9094,186,0,2862,432
2015/10/01,6366,11305,184,0,2726,475
2015/10/02,5650,12848,184,0,2201,485
2015/10/05,6792,13422,184,0,2417,409
2015/10/06,7863,14195,184,0,2205,506
2015/10/07,7680,11820,184,8,2720,578
2015/10/08,7361,13633,184,0,2860,612
2015/10/12,10114,15959,184,16,3475,568
2015/10/13,11007,16942,184,0,3419,660
2015/10/14,7078,13324,184,0,3075,620
2015/10/15,7138,14410,184,0,3540,621
2015/10/16,7135,14964,184,0,3727,1003
2015/10/19,6939,13770,184,0,4459,1037
2015/10/20,7734,14380,184,0,4564,1009
2015/10/21,2133,5122,184,0,1955,911
2015/10/22,2477,5800,184,0,2030,702
2015/10/23,3295,7169,184,0,2215,947
2015/10/26,3611,8236,184,0,2291,904
2015/10/27,3837,9713,184,0,1954,948
2015/10/28,1836,9865,184,0,1788,1005
2015/10/29,2912,10948,183,0,1803,1051
2015/10/30,3291,11320,183,0,2032,729
2015/11/02,4304,11485,183,0,2399,715
2015/11/03,4809,12322,183,0,2921,700
2015/11/04,3527,10018,183,0,3084,748
2015/11/05,2848,10030,183,0,2372,735
2015/11/06,4715,16099,183,0,1826,1224
2015/11/09,4098,17797,183,0,1861,1119
2015/11/10,4789,21330,183,36,1949,902
2015/11/11,1301,20696,203,12,1849,1159
2015/11/12,1734,19424,315,0,1898,1196
2015/11/13,2212,21138,191,28,1868,1322
2015/11/16,2347,21400,243,0,1978,1272
2015/11/17,2890,21092,219,0,2000,1848
2015/11/18,1197,4418,163,0,1691,1492
2015/11/19,4016,4038,291,0,1718,689
2015/11/20,3865,4819,163,4,1724,1053
2015/11/23,5257,5253,199,16,1746,1429
2015/11/24,5947,6992,223,0,1704,1459
2015/11/25,4003,4743,179,4,1693,1350
2015/11/26,7264,7506,187,4,1708,656
2015/11/27,5919,9882,163,116,1691,1360
2015/11/30,8418,12694,275,0,1762,1119
2015/12/01,12906,15331,287,0,2046,362
2015/12/02,7613,9635,187,0,1724,370
2015/12/03,9703,10449,231,32,1787,336
2015/12/04,10556,10960,163,32,1798,340
2015/12/07,11656,12117,163,16,1730,894
2015/12/08,8414,13646,163,140,1718,1970
2015/12/09,3016,11612,163,60,1783,2204
2015/12/10,2679,11928,247,0,2004,2114
2015/12/11,3021,11886,227,12,1978,2199
2015/12/14,5539,12269,203,0,2106,1271
2015/12/15,5342,12613,163,8,2085,961
2015/12/16,2860,7355,163,0,2049,392
2015/12/17,3849,7118,267,0,2652,271
2015/12/18,4772,8251,163,156,2089,407
2015/12/21,5967,9230,331,0,2401,265
2015/12/22,6598,10506,283,0,2173,141
2015/12/23,4077,7817,179,28,2033,93
2015/12/24,4818,8445,163,36,2229,83
2015/12/25,5540,8298,195,0,2530,129
2015/12/28,5614,9664,163,124,2214,122
2015/12/29,6523,12565,163,68,2174,110
2015/12/30,4182,12024,163,84,2100,244
2015/12/31,4423,12830,211,0,2043,218
2016/01/04,5885,14629,163,76,2063,1038
2016/01/05,7088,17297,163,188,2012,1140
2016/01/06,4410,13631,171,56,1446,1429
2016/01/07,6007,17265,267,0,1551,1592
2016/01/08,7457,19081,211,4,1749,1874
2016/01/11,8082,19100,227,0,1905,1833
2016/01/12,9945,20724,163,88,2032,1790
2016/01/13,7206,17315,187,8,2094,1556
2016/01/14,5648,16807,307,0,1994,942
2016/01/15,5601,16794,175,4,2433,1406
2016/01/18,5212,15275,315,0,2563,558
2016/01/19,5686,17796,163,100,2397,759
2016/01/20,1817,4818,167,68,1760,772
2016/01/21,3561,4650,175,76,1796,624
2016/01/22,5593,4303,219,0,2534,580
2016/01/25,6528,6258,167,40,2148,326
2016/01/26,7696,7176,167,88,1922,666
2016/01/27,6616,4841,291,0,2702,573
2016/01/28,7174,5706,275,0,2419,443
2016/01/29,10374,7199,407,0,2600,504
2016/01/30,10573,8244,167,16,2794,526
2016/02/01,9854,9717,167,40,2242,722
2016/02/02,10673,10560,191,4,2183,916
2016/02/03,4491,5037,167,24,2030,1079
2016/02/15,5132,5549,243,4,2596,587
2016/02/16,8311,8181,511,0,3728,530
2016/02/17,7300,4426,183,44,2747,551
2016/02/18,7748,5131,183,248,2781,639
2016/02/19,8486,5235,335,0,3617,626
2016/02/22,8065,6514,187,12,3214,623
2016/02/23,9896,6439,275,20,3951,592
2016/02/24,6314,5048,183,668,3463,625
2016/02/25,8568,5399,535,0,4199,677
2016/02/26,8975,6784,183,248,4465,589
2016/03/01,10575,7320,351,0,4728,637
2016/03/02,8814,5990,183,48,3828,743
2016/03/03,10849,6623,235,0,3951,650
2016/03/04,12493,7863,215,0,4272,668
2016/03/07,13439,8839,195,0,4251,847
2016/03/08,15137,9079,183,76,4922,769
2016/03/09,10180,4672,183,80,5099,1099
2016/03/10,9461,5309,194,64,5176,1622
2016/03/11,11142,6359,294,0,5699,1798
2016/03/14,10768,8082,182,132,5196,2427
2016/03/15,10725,8400,182,608,4546,2444
2016/03/16,7603,4224,182,572,2983,922
2016/03/17,7496,5001,182,620,3037,1502
2016/03/18,8802,6178,182,556,3328,1203
2016/03/21,10295,6741,182,644,3091,1567
2016/03/22,12449,8366,182,656,3216,824
2016/03/23,8915,6316,182,660,3136,1359
2016/03/24,12360,8167,182,628,3158,1283
2016/03/25,11992,9445,182,648,3165,1788
2016/03/28,12839,10513,182,652,3174,2028
2016/03/29,12980,11956,182,588,3108,2027
2016/03/30,13434,7935,182,424,3386,1634
2016/03/31,12118,9688,182,704,3181,2323
2016/04/01,11832,11131,182,668,3044,2801
2016/04/06,9062,11849,182,592,3060,4184
2016/04/07,10023,10654,182,528,3084,2629
2016/04/08,13045,10168,182,224,3150,2079
2016/04/11,14098,10520,182,80,3435,1534
2016/04/12,15063,11233,182,128,3188,1418
2016/04/13,18312,10651,182,80,3866,1586
2016/04/14,19468,12853,182,188,3349,1858
2016/04/15,22152,13683,182,80,3758,1243
2016/04/18,15988,9439,194,204,3314,1953
2016/04/19,15132,10213,182,532,3421,2759
2016/04/20,5299,7808,166,700,3194,1266
2016/04/21,8632,5966,166,624,3146,961
2016/04/22,9204,8037,166,448,3144,1178
2016/04/25,11518,8692,166,452,3549,667
2016/04/26,11920,10479,166,340,3679,726
2016/04/27,10901,8888,166,400,3704,683
2016/04/28,9145,13825,166,504,3178,1980
2016/04/29,10519,15582,166,456,3206,1634
2016/05/03,11712,18076,166,412,3259,1540
2016/05/04,10198,17975,166,364,3292,1396
2016/05/05,9613,19133,166,316,3430,1903
2016/05/06,10024,19411,166,292,3220,1834
2016/05/09,10769,19438,166,312,3060,2265
2016/05/10,11172,20123,166,228,3121,2144
2016/05/11,7790,17293,166,292,3047,2276
2016/05/12,5957,16902,166,264,2739,2042
2016/05/13,5446,15555,166,200,2768,1861
2016/05/16,6302,14777,380,430,2952,1472
2016/05/17,8088,14844,450,528,3434,1226
2016/05/18,5230,7361,142,336,2912,959
2016/05/19,5598,10410,142,556,2922,1348
2016/05/20,9279,8581,142,360,3259,1066
2016/05/23,12004,9421,142,48,3370,984
2016/05/24,8986,9636,142,172,2849,1336
2016/05/25,9015,7517,142,132,3299,1040
2016/05/26,9443,7776,146,152,3521,1105
2016/05/27,11754,8102,232,198,4034,1067
2016/05/30,12967,8558,273,271,4036,958
2016/05/31,12980,9191,290,296,3881,1096
2016/06/01,13791,7863,286,192,4102,944
2016/06/02,13694,8534,322,240,3980,975
2016/06/03,13436,8871,322,240,3808,963
2016/06/04,14068,8954,322,240,3779,931
2016/06/06,14194,9536,322,320,3762,934
2016/06/07,17529,11430,344,382,4169,931
2016/06/08,16477,10846,324,378,3813,918
2016/06/13,12234,11090,322,505,3178,1102
2016/06/14,14009,10943,322,263,3664,961
2016/06/15,7776,5956,322,180,1522,733
2016/06/16,8084,7716,292,143,1770,911
2016/06/17,12136,8505,274,120,2494,813
2016/06/20,10177,8778,574,120,1877,857
2016/06/21,11565,8756,724,120,1981,858
2016/06/22,10644,8291,724,120,2109,848
2016/06/23,10396,8427,733,120,1774,852
2016/06/24,13467,16610,747,120,1717,788
2016/06/27,14607,14043,757,130,1934,763
2016/06/28,15107,14196,757,130,2183,752
2016/06/29,12242,10353,757,370,2388,759
2016/06/30,16764,10471,757,370,2322,741
2016/07/01,19989,12372,767,380,2515,940
2016/07/04,18988,12493,772,468,2031,742
2016/07/05,20389,13164,778,510,2336,754
2016/07/06,13629,10802,770,500,1868,838
2016/07/07,15781,10734,770,500,3024,795
2016/07/11,16786,12446,771,500,2777,770
2016/07/12,18543,12838,774,500,2873,725
2016/07/13,18279,10814,764,490,3116,707
2016/07/14,19108,11344,717,495,2956,725
2016/07/15,20911,12916,719,495,3239,690
2016/07/18,19923,13225,540,495,3141,987
2016/07/19,19965,12544,829,495,3211,1241
2016/07/20,9988,5607,681,335,2850,680
2016/07/21,10467,5666,659,335,3030,686
2016/07/22,9049,6083,659,335,2916,1096
2016/07/25,10070,7346,659,335,2833,1126
2016/07/26,11542,6579,659,335,3149,705
2016/07/27,10778,8003,674,350,2856,1049
2016/07/28,11700,7793,676,350,3054,938
2016/07/29,12209,9716,676,350,2800,1568
2016/08/01,15906,8946,509,350,3236,1452
2016/08/02,14448,9905,543,470,2843,1880
2016/08/03,14301,10398,511,470,3305,1990
2016/08/04,16394,10183,271,664,2827,1498
2016/08/05,17300,11055,256,649,3357,1188
2016/08/08,17279,12842,142,857,2553,1492
2016/08/09,17514,12743,142,857,2558,1478
2016/08/10,18792,11975,91,807,2592,1133
2016/08/11,17661,13019,75,792,2632,1512
2016/08/12,19732,13765,73,788,2638,1097
2016/08/15,19479,13299,73,788,2493,1427
2016/08/16,18059,15454,73,506,2532,2045
2016/08/17,8718,5725,751,26,469,824
2016/08/18,11572,6070,751,26,1003,818
2016/08/19,10057,8505,750,26,299,1708
2016/08/22,11303,8578,750,26,424,1444
2016/08/23,15339,7999,750,26,1278,1029
2016/08/24,11959,6626,750,26,732,1081
2016/08/25,19463,7632,750,26,1843,1054
2016/08/26,18498,8205,742,26,956,1083
2016/08/29,17373,8817,832,26,993,1222
2016/08/30,16310,9326,832,26,1095,1295
2016/08/31,13067,7553,785,26,853,1470
2016/09/01,12498,7602,791,26,908,1627
2016/09/02,13468,7808,791,26,1075,1533
2016/09/05,18701,8130,793,26,2281,1506
2016/09/06,20710,9167,793,26,2943,1525
2016/09/07,22452,9518,793,32,3304,1536
2016/09/08,20474,9719,793,32,2594,1532
2016/09/09,14353,9642,786,32,1587,1511
2016/09/10,13652,10397,786,32,1564,1533
2016/09/12,11433,10703,786,32,1219,2299
2016/09/13,12190,10922,784,32,1282,2047
2016/09/14,12463,11404,783,32,1187,2396
2016/09/19,19325,11167,783,32,2108,1910
2016/09/20,16309,8493,784,33,1953,2157
2016/09/21,10569,2369,556,29,1155,1460
2016/09/22,11381,3851,760,29,1376,1479
2016/09/23,12367,2957,760,269,1816,1476
2016/09/26,12000,4646,760,269,1168,1479
2016/09/29,12977,5846,760,269,2024,1531
2016/09/30,13005,8725,760,269,1002,1713
2016/10/03,13546,8793,760,269,1143,1500
2016/10/04,15144,7399,760,269,2030,1539
2016/10/05,15643,8548,760,269,2125,1629
2016/10/06,16286,8972,760,269,2343,1640
2016/10/07,16171,9274,756,269,2197,1676
2016/10/11,17557,14560,745,269,1658,1887
2016/10/12,20837,10493,745,269,2720,1879
2016/10/13,20086,14117,157,266,2046,2015
2016/10/14,20816,16863,157,266,1720,1988
2016/10/17,21389,14858,157,266,2007,1989
2016/10/18,24215,13201,157,266,2221,1997
2016/10/19,17104,3895,427,0,1507,1740
2016/10/20,17871,3766,427,0,1716,1756
2016/10/21,17666,4407,652,0,1663,1768
2016/10/24,18557,4801,652,0,1972,1748
2016/10/25,18376,5523,652,0,2906,1603
2016/10/26,15427,6468,652,0,1472,1540
2016/10/27,14359,7407,292,0,1143,1530
2016/10/28,11766,7632,292,0,949,1526
2016/10/31,12055,8153,67,0,1603,1495
2016/11/01,12872,8425,67,0,1599,1505
2016/11/02,11483,12500,67,180,1184,1741
2016/11/03,11658,15253,67,360,447,2382
2016/11/04,11511,15516,67,360,518,2306
2016/11/07,10208,9866,67,765,2336,2151
2016/11/08,10550,8607,67,585,2779,1915
2016/11/09,10684,15889,67,0,1607,2110
2016/11/10,11603,11176,247,0,2642,1757
2016/11/11,8971,17673,67,0,1944,2266
2016/11/14,9122,18082,67,0,1916,2689
2016/11/15,5054,12613,71,28,1521,2353
2016/11/16,2897,5832,355,0,560,1315
2016/11/17,3282,5222,760,0,1010,1397
2016/11/18,3445,4066,760,0,1511,1341
2016/11/21,3771,3318,760,0,2082,1237
2016/11/22,8021,1498,760,0,3141,1172
2016/11/23,8690,1408,760,0,3246,1252
2016/11/24,7074,1367,760,0,2419,1119
2016/11/25,6629,1129,760,0,2760,1128
2016/11/28,8361,1045,355,0,4069,1135
2016/11/29,7306,787,670,0,3485,1132
2016/11/30,7248,871,670,0,3768,1103
2016/12/01,8115,1170,670,0,4480,1232
2016/12/02,5817,2426,670,0,2626,1350
2016/12/05,5858,3027,670,0,2861,1261
2016/12/06,9860,3150,670,0,4829,1331
2016/12/07,7733,2094,670,0,4295,1290
2016/12/08,11194,2624,670,0,4817,1215
2016/12/09,12751,2951,670,0,4961,1209
2016/12/12,9113,937,355,0,4191,1194
2016/12/13,10364,937,355,0,4019,1195
2016/12/14,10612,1240,355,0,3541,1195
2016/12/15,9670,1947,23,28,3452,1210
2016/12/16,7173,3140,23,343,2360,1454
2016/12/19,6260,4816,23,343,1491,1185
2016/12/20,6452,5273,23,28,1529,1446
2016/12/21,3515,1327,23,315,817,1268
2016/12/22,3223,4564,23,315,516,2129
2016/12/23,2990,5598,23,630,496,2437
2016/12/26,3035,5521,23,630,489,2535
2016/12/27,2960,5803,23,630,491,2823
2016/12/28,5109,3834,23,315,569,1780
2016/12/29,4897,3812,23,315,603,1973
2016/12/30,6826,3178,23,630,787,1383
2017/01/03,6910,3142,23,630,1298,1530
2017/01/04,6493,4585,23,315,1338,1558
2017/01/05,11413,3503,338,0,3495,1561
2017/01/06,11743,3383,338,0,3282,1569
2017/01/09,10768,2652,338,0,3196,1650
2017/01/10,10250,2810,338,0,3683,1834
2017/01/11,9896,3199,338,0,3592,1907
2017/01/12,14953,4637,338,0,5192,1907
2017/01/13,12576,3490,23,0,3572,1943
2017/01/16,9774,3687,23,0,1904,2104
2017/01/17,12183,2020,23,0,2803,2038
2017/01/18,9200,1607,23,0,1526,1252
2017/01/19,9646,2024,21,0,1702,1219
2017/01/20,10114,1775,21,0,2603,1199
2017/01/23,13549,2134,21,0,3099,1148
2017/01/24,14726,2721,21,0,3076,1135
2017/02/02,12217,3103,21,0,2504,1209
2017/02/03,15057,3360,21,0,2888,1204
2017/02/06,18190,4125,246,0,3571,1202
2017/02/07,19310,3993,246,0,3724,1201
2017/02/08,17602,3126,471,0,3639,1461
2017/02/09,19942,1905,471,0,4601,1475
2017/02/10,19979,1917,471,0,4462,1473
2017/02/13,20104,2231,489,18,4520,1412
2017/02/14,17133,1835,264,18,3983,1538
2017/02/15,12830,897,246,0,2498,1211
2017/02/16,9631,4212,471,0,2298,2080
2017/02/17,9500,4804,751,0,2551,2066
2017/02/18,9683,4768,526,0,2604,2046
2017/02/20,10147,5517,751,0,2490,2818
2017/02/21,10649,6147,751,0,2520,3554
2017/02/22,10711,6757,526,0,2333,4582
2017/02/23,11369,6198,526,50,2308,3672
2017/02/24,11522,6944,301,50,2218,3594
2017/03/01,9851,9124,301,50,2083,6071
2017/03/02,9500,10833,301,50,2396,6415
2017/03/03,8863,11602,301,50,2307,6687
2017/03/06,9621,10594,301,275,2435,5183
2017/03/07,10453,10808,329,500,2354,5098
2017/03/08,11142,10478,331,500,2225,4500
2017/03/09,9256,14023,331,500,1835,7052
2017/03/10,8531,14318,331,450,1889,7370
2017/03/13,9568,12766,386,450,1853,6265
2017/03/14,12994,10997,382,300,2198,5702
2017/03/15,7138,1837,102,300,883,1823
2017/03/16,10661,2281,102,300,2171,1434
2017/03/17,10991,2155,102,300,2486,1420
2017/03/20,9951,2241,102,300,2763,1412
2017/03/21,9926,2152,102,300,3355,1417
2017/03/22,6955,2530,102,150,2848,1366
2017/03/23,7561,4300,252,0,2873,1324
2017/03/24,7724,3626,252,0,3009,1339
2017/03/27,6793,4067,252,0,3200,1363
2017/03/28,6233,4149,252,0,2288,1403
2017/03/29,5475,4663,102,0,1578,1394
2017/03/30,5753,4967,106,0,2101,1439
2017/03/31,5340,6498,106,0,1783,1566
2017/04/05,11920,4106,51,0,3490,1694
2017/04/06,8119,4550,51,0,1674,1868
2017/04/07,6611,5717,51,0,1721,2530
2017/04/10,6904,5539,51,0,1768,2369
2017/04/11,7426,8869,51,0,1972,3439
2017/04/12,7294,7522,51,0,2559,3473
2017/04/13,10180,7299,51,0,2747,2954
2017/04/14,7442,10677,51,0,2463,4305
2017/04/17,8922,11434,51,0,2409,3821
2017/04/18,9513,12647,51,0,2494,4394
2017/04/19,4934,12181,231,0,2337,1600
2017/04/20,4850,10976,231,0,2688,1254
2017/04/21,7391,9653,51,0,3897,857
2017/04/24,8932,11032,51,0,3640,878
2017/04/25,12993,10170,51,0,5379,734
2017/04/26,13339,10701,51,0,5449,766
2017/04/27,13237,10409,51,150,5253,899
2017/04/28,14006,10353,51,150,5490,778
2017/05/02,17600,10118,51,150,6044,639
2017/05/03,17890,10143,231,0,6053,455
2017/05/04,19184,9847,231,0,6287,551
2017/05/05,15555,10633,231,0,5295,558
2017/05/08,17605,11460,231,0,6308,1168
2017/05/09,20273,11951,231,0,6663,1150
2017/05/10,22895,11720,231,0,6768,1132
2017/05/11,27755,11854,231,0,7382,1313
2017/05/12,26536,10345,231,0,7020,1295
2017/05/15,26765,8102,231,0,6805,1285
2017/05/16,25806,9564,231,0,6054,1303
2017/05/17,11710,5467,231,0,1462,1212
2017/05/18,14214,6939,231,0,1798,1366
2017/05/19,12595,6728,231,0,1534,1653
2017/05/22,15031,6408,231,0,1735,1353
2017/05/23,18539,6055,231,0,1984,1220
2017/05/24,20676,6262,231,0,1924,1182
2017/05/25,25626,7001,51,0,2811,1217
2017/05/26,23621,7321,51,480,2028,1228
2017/05/31,19003,6956,50,480,2356,3056
2017/06/01,19713,6299,50,480,2496,3164
2017/06/02,21071,6398,50,480,2519,2323
2017/06/03,22341,6941,50,480,2539,2371
2017/06/05,24988,6831,50,480,2283,1445
2017/06/06,23947,7021,50,480,2305,1623
2017/06/07,24168,7042,50,480,2230,1223
2017/06/08,24453,6499,50,480,2534,1274
2017/06/09,23430,6956,50,480,2144,1966
2017/06/12,20726,8092,50,480,2508,2991
2017/06/13,20689,8014,50,480,2654,3156
2017/06/14,17819,8981,50,480,2223,4903
2017/06/15,18973,8335,50,480,2248,5906
2017/06/16,20578,7594,50,480,3035,4738
2017/06/19,23445,9153,50,480,2605,3179
2017/06/20,24253,8921,50,480,2500,3248
2017/06/21,10259,3248,290,0,1864,1022
2017/06/22,12023,3056,290,0,2004,1057
2017/06/23,11517,3733,316,0,1770,1263
2017/06/26,13787,4442,323,0,2226,1071
2017/06/27,12940,5131,323,0,2585,2596
2017/06/28,11197,5332,323,0,2619,3519
2017/06/29,11136,5013,83,210,2604,3526
2017/06/30,10351,6232,91,210,2532,3703
2017/07/03,11349,5669,97,210,2565,3463
2017/07/04,9486,7555,97,210,2895,4801
2017/07/05,10750,5584,104,210,3033,3329
2017/07/06,8863,7287,105,210,2487,5341
2017/07/07,7517,8733,105,210,2498,6033
2017/07/10,7373,8972,105,210,2363,5834
2017/07/11,12967,7590,114,226,2377,3660
2017/07/12,12122,7895,130,226,2048,5067
2017/07/13,14322,6118,131,226,2122,3585
2017/07/14,13970,6406,134,226,2194,4383
2017/07/17,13474,6568,145,226,2311,4638
2017/07/18,14342,6515,148,226,2921,5337
2017/07/19,9198,4845,478,0,2214,1194
2017/07/20,8504,4938,458,0,2074,1638
2017/07/21,7031,6218,463,0,2082,2711
2017/07/24,7929,7079,463,0,2655,1672
2017/07/25,7807,6840,466,0,2241,1860
2017/07/26,7875,8118,469,0,2266,2372
2017/07/27,11033,7216,139,0,3965,1065
2017/07/28,7933,9147,135,210,2198,2392
2017/07/31,8579,9475,135,210,2292,1831
2017/08/01,8533,9845,135,266,2392,1276
2017/08/02,11384,7359,139,266,4395,1137
2017/08/03,10643,7642,130,210,3713,1150
2017/08/04,12422,7067,130,210,4368,1169
2017/08/07,14484,7383,130,210,5063,1147
2017/08/08,13969,7770,130,210,4689,1261
2017/08/09,11900,10466,124,210,3590,1240
2017/08/10,7417,13152,122,210,1826,1502
2017/08/11,7318,13338,116,210,1372,1312
2017/08/14,5239,14874,116,210,2442,1587
2017/08/15,6413,10331,116,210,2728,1499
2017/08/16,4527,10784,326,0,2422,433
2017/08/17,8119,12408,326,0,4921,434
2017/08/18,7592,12566,326,0,4607,472
2017/08/21,8364,12152,326,0,4805,492
2017/08/22,10885,12363,326,0,6099,530
2017/08/23,10986,12912,322,0,5719,547
2017/08/24,16190,12030,322,0,6316,527
2017/08/25,16817,11756,322,0,6104,523
2017/08/28,16073,12397,313,0,6340,457
2017/08/29,16027,12801,313,0,5871,441
2017/08/30,16994,12413,313,0,5433,412
2017/08/31,17144,12409,310,0,5553,416
2017/09/01,17586,12123,310,0,5832,461
2017/09/04,17837,12522,310,0,5856,489
2017/09/05,18418,12938,303,0,5217,587
2017/09/06,16698,14417,303,0,3703,779
2017/09/07,15930,15385,303,0,3713,737
2017/09/08,19568,14710,303,0,5894,706
2017/09/11,19021,15069,304,0,4230,824
2017/09/12,18500,14664,304,0,4518,834
2017/09/13,17159,17288,304,0,3043,1476
2017/09/14,17758,17559,301,0,3641,1514
2017/09/15,20967,17113,301,0,4421,1333
2017/09/18,22394,17556,301,0,6004,1117
2017/09/19,20101,16464,301,0,3455,1670
2017/09/20,6786,5978,91,0,1787,987
2017/09/21,7693,3681,91,0,2445,932
2017/09/22,8627,9417,91,0,901,4352
2017/09/25,8875,11836,91,0,702,4004
2017/09/26,9064,13984,91,0,696,3731
2017/09/27,8782,11281,91,0,700,2952
2017/09/28,9088,11471,91,0,706,3353
2017/09/29,8804,11513,91,0,853,3218
2017/09/30,8176,8595,91,0,891,2639
2017/10/02,9374,6320,91,0,1449,2041
2017/10/03,10511,5362,91,0,1007,1886
2017/10/05,11925,5551,91,0,934,1651
2017/10/06,13519,5307,181,0,1337,1098
2017/10/11,17742,4791,181,0,3132,1153
2017/10/12,21906,4449,181,0,4054,1017
2017/10/13,23205,4277,181,0,4395,1129
2017/10/16,23939,6591,181,0,4708,1350
2017/10/17,23399,4555,91,0,5181,1150
2017/10/18,14062,2345,301,0,2159,274
2017/10/19,13806,2756,301,0,2505,705
2017/10/20,13970,4028,301,0,2699,770
2017/10/23,13827,4164,301,0,3157,856
2017/10/24,13710,4000,301,0,3274,1151
2017/10/25,12827,4671,301,0,3059,1941
2017/10/26,12237,5060,301,0,3489,2251
2017/10/27,11309,5775,91,0,3130,2719
2017/10/30,12428,6100,91,0,3032,1848
2017/10/31,16402,5998,91,0,2796,2355
2017/11/01,16394,7593,91,0,2333,2771
2017/11/02,15474,8937,91,0,2546,3251
2017/11/03,16680,10158,91,0,2360,3081
2017/11/06,16515,11317,91,0,1292,3730
2017/11/07,17515,10175,91,0,2052,1940
2017/11/08,17075,11873,91,0,1832,3005
2017/11/09,15090,13607,91,0,1512,3032
2017/11/10,15472,12729,91,0,1858,3064
2017/11/13,14390,14387,91,0,3705,3509
2017/11/14,17564,16182,127,0,3178,3692
2017/11/15,3095,9320,135,315,2592,1026
2017/11/16,4575,10492,95,315,4613,800
2017/11/17,6067,8599,95,315,5835,203
2017/11/20,6702,9375,87,339,3477,189
2017/11/21,8159,8777,87,363,4724,160
2017/11/22,10055,8196,87,371,5366,159
2017/11/23,10748,7949,87,24,5538,159
2017/11/24,10126,8315,95,0,5187,219
2017/11/27,7629,12485,95,0,2756,381
2017/11/28,7222,13624,64,0,2967,581
2017/11/29,7081,14287,48,0,3287,417
2017/11/30,5550,18160,48,0,2367,3887
2017/12/01,6011,18376,48,420,2695,2575
2017/12/04,6271,17976,48,420,3443,1730
2017/12/05,6152,19353,48,420,3340,2260
2017/12/06,5167,22265,48,420,1764,4658
2017/12/07,5278,22708,48,420,2554,4210
2017/12/08,4872,21922,48,420,2686,4311
2017/12/11,4925,20188,48,420,2008,3861
2017/12/12,5619,19353,47,420,1965,3365
2017/12/13,6617,20220,47,420,2183,2653
2017/12/14,9463,19832,47,420,2218,1788
2017/12/15,9207,19262,47,420,1899,2537
2017/12/18,7332,19264,71,420,3230,1739
2017/12/19,7743,19454,71,0,2765,1902
2017/12/20,5537,8253,39,40,2702,849
2017/12/21,5006,9818,39,56,1422,1509
2017/12/22,6287,9757,39,56,1954,1557
2017/12/25,6085,10407,39,56,2299,1237
2017/12/26,4959,11920,39,56,863,1387
2017/12/27,6729,12228,39,56,2794,1050
2017/12/28,8984,12903,39,24,3735,1019
2017/12/29,9274,12676,39,24,4380,1067
2018/01/02,12583,11706,39,24,4938,1102
2018/01/03,14967,12210,39,24,4984,975
2018/01/04,17742,12897,39,8,5445,1005
2018/01/05,19176,13944,39,8,5184,501
2018/01/08,19759,14273,55,0,6927,815
2018/01/09,21880,15408,295,0,7808,588
2018/01/10,19900,14247,295,0,8006,596
2018/01/11,21251,14407,295,0,8479,610
2018/01/12,21641,13451,295,0,8480,774
2018/01/15,24112,14067,295,0,8119,654
2018/01/16,24129,13075,55,16,8324,876
2018/01/17,15672,6114,39,16,4099,373
2018/01/18,15382,5340,39,40,4179,2015
2018/01/19,17347,6172,249,0,5744,2213
2018/01/22,19148,7360,249,0,3346,2548
2018/01/23,18519,9402,289,0,2522,2755
2018/01/24,15736,12261,289,0,2780,1830
2018/01/25,16496,13337,289,0,5121,1722
2018/01/26,15905,12540,289,0,4953,629
2018/01/29,15710,12766,79,0,5706,643
2018/01/30,13673,13821,79,0,5738,539
2018/01/31,14270,13831,79,0,7003,1423
2018/02/01,13341,12653,79,0,5623,1530
2018/02/02,13567,13413,79,0,3780,1216
2018/02/05,13579,14518,79,0,792,1387
2018/02/06,17141,21597,79,0,2771,2603
2018/02/07,16842,19497,79,0,1777,1130
2018/02/08,15181,19364,79,0,2354,1779
2018/02/09,14635,21267,79,0,1288,1327
2018/02/12,14775,20186,77,0,1501,2206
2018/02/21,11314,12028,287,40,2972,937
2018/02/22,10045,12579,287,40,134,3095
2018/02/23,11471,12706,287,40,2184,1618
2018/02/26,11166,12858,287,40,287,1980
2018/02/27,10970,13242,288,40,1249,2243
2018/03/01,11631,13464,288,40,806,1139
2018/03/02,12031,13632,288,40,792,1482
2018/03/05,11678,14261,288,40,625,3392
2018/03/06,13804,14679,288,40,2087,993
2018/03/07,12359,15311,288,40,824,1682
2018/03/08,14511,16492,288,40,5985,891
2018/03/09,15579,16534,288,40,4937,915
2018/03/12,19896,18715,288,40,7711,875
2018/03/13,22126,20874,288,40,9761,993
2018/03/14,21869,20381,288,40,6956,1376
2018/03/15,23869,22061,288,40,8647,1724
2018/03/16,23107,21678,48,220,6724,2052
2018/03/19,21708,18603,48,220,5162,2083
2018/03/20,23338,19021,48,220,5524,2454
2018/03/21,14541,7756,38,210,2809,2053
2018/03/22,13742,9940,48,220,2388,1952
2018/03/23,15658,13322,258,10,1043,3417
2018/03/26,15156,10043,258,10,952,2520
2018/03/27,14369,9299,258,10,1672,2220
2018/03/28,14422,11396,258,10,387,6773
2018/03/29,14417,12111,78,40,1413,4516
2018/03/30,14558,10946,78,40,3890,3242
2018/03/31,15548,10746,78,40,3940,3236
2018/04/02,15119,11086,78,40,2118,2612
2018/04/03,15013,12731,78,40,1381,5039
2018/04/09,17586,11919,78,40,3214,2073
2018/04/10,17619,9766,78,40,3671,2716
2018/04/11,19773,9340,94,40,3509,1889
2018/04/12,18999,11302,94,40,3601,2617
2018/04/13,19086,10214,94,40,5090,2644
2018/04/16,19472,10174,94,40,4273,2852
2018/04/17,16892,14240,78,40,4968,6041
2018/04/18,13541,8071,258,40,492,4231
2018/04/19,18634,9466,258,40,4964,1367
2018/04/20,14359,9456,78,40,250,12916
2018/04/23,12713,10050,78,40,367,14895
2018/04/24,10442,11214,78,40,250,14393
2018/04/25,10958,11034,78,40,482,13587
2018/04/26,11006,11066,78,40,211,14458
2018/04/27,13513,11402,78,40,869,11456
2018/04/30,14640,11572,90,40,1118,13208
2018/05/02,13260,9474,90,40,964,13228
2018/05/03,12941,10159,90,40,530,16075
2018/05/04,12267,10411,90,40,619,4917
2018/05/07,12779,10155,90,40,1859,4323
2018/05/08,16026,10015,90,40,3271,2556
2018/05/09,17891,8151,86,40,3119,2240
2018/05/10,21796,9819,86,40,2316,2400
2018/05/11,24201,9264,86,40,5599,1909
2018/05/14,25231,9159,86,40,5806,1965
2018/05/15,24843,9633,46,0,4940,1964
2018/05/16,10233,5623,46,0,2147,465
2018/05/17,10284,6661,76,0,354,1306
2018/05/18,10059,6969,76,0,373,1380
2018/05/21,13266,7428,76,0,1593,2075
2018/05/22,14235,7716,76,0,477,3195
2018/05/23,12908,7378,76,0,343,3910
2018/05/24,14399,7657,76,0,690,2319
2018/05/25,15231,7710,76,0,473,2200
2018/05/28,16533,7427,76,0,335,2015
2018/05/29,17542,7744,46,0,174,2822
2018/05/30,12854,9824,46,0,62,8279
2018/05/31,13898,9753,46,0,280,7359
2018/06/01,15845,9192,46,0,631,4339
2018/06/04,19654,8896,46,0,1470,1014
2018/06/05,20536,8722,46,0,1250,1846
2018/06/06,27896,9173,46,0,1159,2773
2018/06/07,27806,9449,46,0,837,5208
2018/06/08,27222,9520,46,0,582,8074
2018/06/11,27127,9775,46,0,619,10627
2018/06/12,27570,9954,46,0,673,11541
2018/06/13,27521,9925,46,0,401,12033
2018/06/14,23059,11424,46,0,210,15711
2018/06/15,23088,11494,34,0,1120,15293
2018/06/19,21467,12825,46,0,446,18327
2018/06/20,11272,12349,46,0,1457,510
2018/06/21,10937,12124,46,0,960,2893
2018/06/22,10191,13087,74,0,591,6383
2018/06/25,9224,12259,83,0,366,6663
2018/06/26,8334,12477,86,0,464,7567
2018/06/27,8270,12876,86,0,106,8693
2018/06/28,8736,13837,87,0,354,11533
2018/06/29,10925,13980,87,0,906,7438
2018/07/02,10682,12915,92,0,836,6791
2018/07/03,10709,11710,94,0,497,8322
2018/07/04,11048,12564,103,0,666,8531
2018/07/05,11303,14563,105,0,749,13304
2018/07/06,11476,13647,113,0,687,13398
2018/07/09,14009,15025,118,0,1376,9980
2018/07/10,15978,14554,133,0,1038,7739
2018/07/11,14782,13759,138,0,905,9290
2018/07/12,18295,14280,138,0,2031,6051
2018/07/13,22509,13399,138,0,1973,6064
2018/07/16,24173,12482,140,0,1663,7370
2018/07/17,23124,13791,139,0,1389,9526
2018/07/18,13483,10836,139,0,436,1832
2018/07/19,15485,11965,140,0,2475,1825
2018/07/20,18910,12702,146,0,7756,1710
2018/07/23,18998,11353,148,0,5909,1791
2018/07/24,19077,11274,151,0,4770,2404
2018/07/25,18661,11066,125,0,4856,2191
2018/07/26,19718,11737,126,0,8821,2071
2018/07/27,21695,14496,126,0,12148,2008
2018/07/30,21775,13295,126,0,11106,2085
2018/07/31,22393,13588,127,0,11717,1947
2018/08/01,22192,13104,134,0,12115,1950
2018/08/02,20385,12882,134,0,1071,5330
2018/08/03,20856,14391,134,0,2599,3917
2018/08/06,22366,16039,134,0,2186,2377
2018/08/07,21956,16755,134,0,2575,2182
2018/08/08,24195,18772,134,0,4099,1640
2018/08/09,24033,18032,143,0,4873,1650
2018/08/10,22508,18305,144,0,4037,1701
2018/08/13,19398,20585,144,0,743,8210
2018/08/14,19986,22386,144,0,1003,4427
2018/08/15,13850,14969,144,0,199,5644
2018/08/16,13378,14710,146,0,1222,340
2018/08/17,15726,15397,146,0,426,2943
2018/08/20,14919,15302,146,0,267,2402
2018/08/21,14038,12915,146,0,778,1318
2018/08/22,15234,11335,146,0,1873,1445
2018/08/23,16700,9756,146,0,2580,593
2018/08/24,15228,11421,146,0,1361,500
2018/08/27,15862,12036,146,0,3242,454
2018/08/28,18017,12402,146,0,2850,417
2018/08/29,21722,11647,146,0,4151,276
2018/08/30,23359,11811,146,0,5530,307
2018/08/31,23428,11583,138,0,2946,1610
2018/09/03,21699,12914,138,0,3164,2982
2018/09/04,21755,13083,138,0,3537,2686
2018/09/05,23293,14904,138,0,2323,3119
2018/09/06,23254,15544,138,0,2461,830
2018/09/07,25142,17517,138,0,1975,2172
2018/09/10,20786,18780,138,0,526,1916
2018/09/11,19167,19205,138,0,389,4197
2018/09/12,19867,21484,138,0,212,6568
2018/09/13,17981,22661,138,0,241,4638
2018/09/14,20348,18328,138,0,1804,2461
2018/09/17,22183,20369,138,0,205,6263
2018/09/18,21436,20899,138,0,326,4658
2018/09/19,11889,14452,138,0,2025,87
2018/09/20,9174,13174,138,0,137,1505
2018/09/21,12966,14773,126,0,5051,212
2018/09/25,14929,14512,126,0,2393,276
2018/09/26,15034,13794,126,0,1888,723
2018/09/27,16185,14499,126,0,2764,141
2018/09/28,14712,13182,126,0,495,990
2018/10/01,16597,12801,126,0,1346,611
2018/10/02,11958,13446,126,0,387,1817
2018/10/03,11813,15143,126,0,759,791
2018/10/04,11698,21305,126,0,29,3413
2018/10/05,12572,25659,126,0,397,5461
2018/10/08,12908,27084,126,0,78,6595
2018/10/09,13846,29462,125,0,463,7198
2018/10/11,15892,26067,125,0,1932,2773
2018/10/12,16660,24065,125,0,2324,3219
2018/10/15,16439,24623,122,0,2151,3845
2018/10/16,14158,21919,122,0,2349,4615
2018/10/17,9938,14469,122,0,734,2503
2018/10/18,9119,15734,122,0,859,4092
2018/10/19,8643,13779,122,0,781,3868
2018/10/22,8667,14057,122,0,152,7430
2018/10/23,7596,13935,122,0,225,9354
2018/10/24,8162,15665,122,0,730,6557
2018/10/25,8554,13602,122,0,107,6747
2018/10/26,8279,13356,127,0,765,5106
2018/10/29,8838,13864,127,0,1129,3063
2018/10/30,8908,13608,127,0,1786,3140
2018/10/31,10377,14603,127,0,2352,2291
2018/11/01,10406,13838,131,0,2276,2751
2018/11/02,11780,13294,131,0,5155,2414
2018/11/05,11093,12886,131,0,1743,2828
2018/11/06,10276,12574,131,0,1704,3089
2018/11/07,12370,15077,131,0,3441,2460
2018/11/08,12560,13180,131,0,6572,2598
2018/11/09,10224,12722,131,0,4063,3239
2018/11/12,11372,14634,131,0,4937,2656
2018/11/13,13508,13908,131,0,2183,2881
2018/11/14,13751,13565,131,0,4451,2807
2018/11/15,15111,13886,131,0,5646,2605
2018/11/16,11862,12179,131,0,4225,2991
2018/11/19,12091,13261,129,0,6350,2872
2018/11/20,10834,13256,129,0,1966,3902
2018/11/21,10803,6431,129,0,734,906
2018/11/22,9562,5896,129,0,216,1508
2018/11/23,8499,7380,129,0,917,1756
2018/11/26,10803,6809,129,0,1911,1521
2018/11/27,11038,6476,129,0,363,3002
2018/11/28,13431,6950,113,0,2963,1025
2018/11/29,11787,6966,113,0,4865,930
2018/11/30,10369,6977,113,0,3817,1045
2018/12/03,14183,8254,113,0,5751,799
2018/12/04,11685,7156,113,0,2288,1024
2018/12/05,9083,9763,113,0,647,1221
2018/12/06,9495,12548,113,0,169,2250
2018/12/07,8439,11551,113,0,4513,915
2018/12/10,8783,12596,113,0,3018,1217
2018/12/11,8096,13153,113,0,4726,1106
2018/12/12,8768,10387,113,0,2340,788
2018/12/13,9837,9986,113,0,4450,508
2018/12/14,10734,14590,113,0,3540,638
2018/12/17,10817,15719,83,0,6931,792
2018/12/18,11237,14688,83,0,2849,2299
2018/12/19,7922,8870,83,0,1714,128
2018/12/20,8640,9815,83,0,418,4919
2018/12/21,9372,10121,83,0,651,6451
2018/12/22,9522,10917,83,0,617,11353
2018/12/24,9504,10725,83,0,679,5356
2018/12/25,10180,9856,83,0,233,7354
2018/12/26,10488,10362,83,0,67,7745
2018/12/27,11571,11295,83,0,1694,993
2018/12/28,13683,11127,83,0,2242,1150
2019/01/02,9440,11424,83,0,180,3746
2019/01/03,8658,13145,83,0,2320,3288
2019/01/04,8457,14536,83,0,3289,2666
2019/01/07,8773,11968,83,0,4665,1246
2019/01/08,10088,11441,83,0,5703,1057
2019/01/09,19309,10656,83,0,3646,911
2019/01/10,19856,11029,83,0,3761,844
2019/01/11,20907,11179,83,0,6251,899
2019/01/14,20316,11071,83,0,4073,2880
2019/01/15,16680,9145,83,0,5012,1051
2019/01/16,10844,5550,83,0,2694,365
2019/01/17,11002,5317,83,0,6384,249
2019/01/18,10736,4901,83,0,6391,334
2019/01/21,10108,5308,83,0,4882,228
2019/01/22,11359,5558,83,0,3692,639
2019/01/23,11383,5983,83,0,2452,3797
2019/01/24,10670,5007,83,0,4070,2741
2019/01/25,11035,2758,83,0,8760,181
2019/01/28,10797,3808,83,0,7180,211
2019/01/29,10443,4595,83,0,3697,1746
2019/01/30,8781,5804,83,0,3526,2836
2019/02/11,10681,7092,83,0,5059,738
2019/02/12,12227,6658,83,0,7917,365
2019/02/13,12129,7127,83,0,5751,830
2019/02/14,11810,8964,83,0,5837,406
2019/02/15,11736,9096,83,0,8092,642
2019/02/18,13130,9989,83,0,8367,380
2019/02/19,14210,5081,83,0,10101,770
2019/02/20,17318,1439,83,0,5384,109
2019/02/21,18892,1951,83,0,3986,941
2019/02/22,18932,1804,83,0,2980,3308
2019/02/25,17754,1800,83,0,3218,3041
2019/02/26,19170,2098,83,0,3727,4305
2019/02/27,19682,2196,83,0,2943,4833
