date,dealer_diff,trust_diff,foreign_diff
2010/01/04,-206312397,-643257290,8008888597
2010/01/05,144265623,53610825,12111511204
2010/01/06,1214307861,-919210861,10659639313
2010/01/07,-688959500,466262597,11214255050
2010/01/08,-141867768,-492472319,7462966430
2010/01/11,-56021108,361352842,8083168649
2010/01/12,-303037118,-437893429,-519528144
2010/01/13,-1314152393,-1532642074,-2493823926
2010/01/14,1391391780,-900519437,10604429105
2010/01/15,1403836845,-372858676,10608273808
2010/01/18,607327644,-2032654599,3390952117
2010/01/19,-1416877541,-1706295744,-3204345220
2010/01/20,-1157200545,-199732970,25465158
2010/01/21,-804824025,-1393334930,2348734905
2010/01/22,-1224661158,-1093969576,-20384705755
2010/01/25,-1026481175,-873811944,-10825318019
2010/01/26,-4941291579,-2051492224,-17884653557
2010/01/27,-1638206128,-368199638,-7415014357
2010/01/28,474961331,132668491,-7149276500
2010/01/29,-501219026,-47735232,-10590746876
2010/02/01,-1311899848,-653959357,-11929501131
2010/02/02,-1901776361,-185940639,-5723842393
2010/02/03,769895615,16496560,-2271781950
2010/02/04,-53097020,155856974,-7328086698
2010/02/05,-2287275119,-1826453972,-15720473545
2010/02/06,-157900459,-319486263,-478275123
2010/02/08,545021196,343291480,-15721737989
2010/02/09,1086148453,1265618066,-9619971706
2010/02/10,193090569,1454164689,-9981838210
2010/02/22,689726051,771651699,3431302085
2010/02/23,-287348153,-387699136,613580581
2010/02/24,45659509,483080557,-5192069643
2010/02/25,-1843997582,-484640740,-8845826819
2010/02/26,9540443,-289348732,-1494051041
2010/03/01,1729270898,651492972,7002860284
2010/03/02,646934813,1233778293,4093800103
2010/03/03,518243576,294554784,3327393270
2010/03/04,-718629618,721624235,-4041991215
2010/03/05,721973990,357545827,10894174228
2010/03/08,1480772987,599375589,14753618239
2010/03/09,545450380,483340439,9499980908
2010/03/10,-229543066,6478099,6257949580
2010/03/11,14224080,-522994336,4778217836
2010/03/12,498594681,-791744047,2535489726
2010/03/15,-1346203016,-827145734,-1960565040
2010/03/16,295934950,-109441304,-31352805
2010/03/17,4385182210,-137613853,20023899076
2010/03/18,2527337925,-207703944,12367483926
2010/03/19,482912717,-266272963,2198044639
2010/03/22,201853264,-443105484,-7908617601
2010/03/23,-337892553,-249212413,-2689000583
2010/03/24,260580622,-358979951,6266899579
2010/03/25,1938029180,122948541,-2516122908
2010/03/26,1539381392,-321572732,7893228881
2010/03/29,1578096608,556850420,12150290069
2010/03/30,-282382450,108279892,5611911507
2010/03/31,-120419296,870626832,2600038482
2010/04/01,1912744357,-31010847,15226093033
2010/04/02,1181497242,-23277015,8466880288
2010/04/06,1037571095,-287080994,18620823095
2010/04/07,201758612,-901690053,11391490254
2010/04/08,-226374945,-1207217187,3549550533
2010/04/09,-331707220,-1668425144,4537314119
2010/04/12,17851023,-257270646,3506149379
2010/04/13,-1345283312,-1192397313,1391301892
2010/04/14,369684645,-1700282553,6099737615
2010/04/15,231597676,134738325,9712858186
2010/04/16,-284931999,-336022252,-1714341287
2010/04/19,-3740130575,-1543440113,-3516305787
2010/04/20,-3187496433,-2074108790,-4805130210
2010/04/21,344638649,284818594,6485216019
2010/04/22,7879575,-489589459,-2390187065
2010/04/23,409256277,-69182477,3986473960
2010/04/26,1449797861,-299064212,26809303826
2010/04/27,-135856133,-701881818,7934345675
2010/04/28,189363821,-989778347,-7154212264
2010/04/29,-424903051,-95923366,-4607242821
2010/04/30,-2320051126,-1445560225,12917547858
2010/05/03,-935235684,-1671647491,-5344989844
2010/05/04,-617539694,-1473486752,-2108806759
2010/05/05,-1251593129,-552106687,-23712077574
2010/05/06,-1316688333,-950552731,-12832972996
2010/05/07,-753454127,-10903091,-12103182853
2010/05/10,-330702434,-44114880,-9139867683
2010/05/11,-2717364049,683106449,-9907655157
2010/05/12,-757529224,-519594033,-3018085989
2010/05/13,1203175310,-53589375,8287251323
2010/05/14,941609762,-69634435,1416980268
2010/05/17,-1453415801,-693899836,-10168185475
2010/05/18,-231250380,-1757163249,152332647
2010/05/19,916530480,-1141076202,-9311661870
2010/05/20,-1992142711,-763278486,-7833135018
2010/05/21,-1424434024,-490325195,-10769690534
2010/05/24,-367931405,38507598,386210632
2010/05/25,-1213865898,-122321874,-8655465716
2010/05/26,-242956804,7732797,-3866789247
2010/05/27,423384892,-553599139,-6586824942
2010/05/28,-1032189761,417361422,-3200821472
2010/05/31,170781379,36371929,1070755574
2010/06/01,-1188199378,-809834570,-6010480055
2010/06/02,-317364073,-796658079,-8800217656
2010/06/03,484730569,-598694544,11051976195
2010/06/04,28358423,-84291188,-27183669
2010/06/07,-657092839,-1663039787,-12027353703
2010/06/08,77361411,-660839624,-11344444313
2010/06/09,-1779109798,-538939660,-6928188643
2010/06/10,323229932,-69679431,2254979976
2010/06/11,193917762,1658009240,5522353851
2010/06/14,269686530,89662381,9403135412
2010/06/15,1069205476,-398857579,10306681823
2010/06/17,2828095731,-74481219,9640622303
2010/06/18,-88169589,-272585106,3799620215
2010/06/21,739676184,511318337,20979660520
2010/06/22,457957214,1097035804,1530341348
2010/06/23,531019341,-1026928659,-775674279
2010/06/24,162760895,-525172387,-2926132292
2010/06/25,285043628,-528771583,-7893587401
2010/06/28,389062442,-205876020,-6639794005
2010/06/29,-761079230,-212517650,-4735790849
2010/06/30,-182008593,-176409589,-18810916652
2010/07/01,270411933,106524574,-17248724144
2010/07/02,1037297976,945405148,-10019326895
2010/07/05,1681870519,546036873,2702143178
2010/07/06,1281853860,1334976462,5297994813
2010/07/07,202820292,915707910,-871239783
2010/07/08,465389795,1351425561,8095625198
2010/07/09,378461825,280998309,6939267255
2010/07/12,179229046,475555122,6664125444
2010/07/13,-749921348,-247486267,-1365693354
2010/07/14,442409915,53356005,15883377187
2010/07/15,29413697,457288436,6159046083
2010/07/16,-377620340,-155145802,4617151087
2010/07/19,-91403067,-354313669,726641216
2010/07/20,155432570,431123729,6143977914
2010/07/21,128949731,873674936,2756357267
2010/07/22,345826481,-10647928,-4049025398
2010/07/23,2098806874,463067496,14071334377
2010/07/26,761247406,450794940,9299211150
2010/07/27,112384527,-840048560,6490716194
2010/07/28,-77650383,-668619159,244631651
2010/07/29,-183699875,71604153,5450462422
2010/07/30,-590935549,298553855,-4619957479
2010/08/02,2200442338,256413801,16724213811
2010/08/03,1676366021,805055808,6311969426
2010/08/04,406872460,-777725114,-24874469
2010/08/05,-46178991,-404789870,2165355430
2010/08/06,325253635,-1247888178,361732108
2010/08/09,1520028648,1016998073,5016745458
2010/08/10,-466205254,-366800595,-2195664176
2010/08/11,-969274661,-530708761,-2578163370
2010/08/12,-76978793,-1815784112,-11205850201
2010/08/13,224980006,368667895,-6098232637
2010/08/16,204545413,-295802959,-3526975764
2010/08/17,417523844,147035089,-2403375651
2010/08/18,-1429800570,-754944398,-4064133091
2010/08/19,557025106,-770945504,-2890060655
2010/08/20,-847651926,-167625382,-872875276
2010/08/23,780036884,-267518019,4852269019
2010/08/24,171569332,-1252735259,-4420625925
2010/08/25,-3165649834,-1693813501,-22593622948
2010/08/26,-1856234307,-339944072,-8977300789
2010/08/27,-369343996,-728372733,-5929260740
2010/08/30,-159999341,264585482,1392403435
2010/08/31,-1614134485,-705044615,-5265612213
2010/09/01,437692432,-271727961,-12726469085
2010/09/02,-402477969,680464944,3191560327
2010/09/03,2240063532,1083633434,1522842565
2010/09/06,1574504979,217270128,7045225154
2010/09/07,1086486931,10865572,5422627064
2010/09/08,610321548,-262470085,-3235659281
2010/09/09,88476433,-1310468821,-7365714
2010/09/10,844839684,-377613452,4791102706
2010/09/13,2512072431,228573383,20883158771
2010/09/14,336374007,526255065,10408826052
2010/09/15,356989977,179509941,3889747292
2010/09/16,-578666593,-770334884,4389414384
2010/09/17,1824118490,-204311239,7540025266
2010/09/20,121719308,409457002,5754209577
2010/09/21,532775417,-405893836,4171564990
2010/09/23,126382747,-874576805,3310717051
2010/09/24,-88998005,-1374627668,-2467151383
2010/09/27,-842811708,-699967653,4082373173
2010/09/28,648380711,-541527695,1165672805
2010/09/29,725921414,-373142365,8656122612
2010/09/30,-434407372,-208921868,1173829035
2010/10/01,233894167,-218871552,2348997152
2010/10/04,-1276634621,-383900115,2473632866
2010/10/05,-736114578,-291670745,-2934683469
2010/10/06,1318838675,305934627,6373108788
2010/10/07,603235715,582931923,-378352909
2010/10/08,-954817385,-264498135,21906655
2010/10/11,-1099513244,-596102598,5931503289
2010/10/12,-1081391316,-826281899,-8343732837
2010/10/13,-178624088,-879362181,-2872295192
2010/10/14,840081274,255429385,11782966461
2010/10/15,265888403,-200499018,3800354919
2010/10/18,-1403588158,-1162336554,-9711569497
2010/10/19,-789339140,-809695491,-5645357436
2010/10/20,1769425172,-220980631,-3373964778
2010/10/21,-482348397,305122818,991465841
2010/10/22,312771813,435145944,1893523929
2010/10/25,1767791473,776771602,15255998697
2010/10/26,-180544146,-485616570,6318745787
2010/10/27,-452037744,-675213103,2624439826
2010/10/28,860391105,-1014864724,11120844861
2010/10/29,-757227943,-931449296,2693977020
2010/11/01,1550028908,-422696181,17206391241
2010/11/02,-500839314,117056246,10635765365
2010/11/03,-2614488810,-1585898554,14032354883
2010/11/04,813657486,-42632203,8939570852
2010/11/05,1200357786,856349348,10961894950
2010/11/08,-351362203,741790873,6022510200
2010/11/09,30013910,-344508092,3814795244
2010/11/10,-55042791,33850159,2805738667
2010/11/11,353548614,15784541,1112035183
2010/11/12,-1807294985,-630735398,-6623737199
2010/11/15,-145997053,-1948576852,-2217143338
2010/11/16,1536257497,-942774605,-1078919429
2010/11/17,-215710569,-845282264,-12852457219
2010/11/18,257274103,-251288637,-2339456985
2010/11/19,32622142,618668095,62982978
2010/11/22,1249927855,489041552,8517291915
2010/11/23,217450680,52922452,-62298695
2010/11/24,396538327,-436906521,-1785263913
2010/11/25,224429490,80244249,3711979250
2010/11/26,-520088961,-13332500,-1754680865
2010/11/29,368032239,-587517883,-4025973435
2010/11/30,-194929852,516304800,-1270782518
2010/12/01,1259618845,-167831411,1981000041
2010/12/02,1069940584,533172309,10005127266
2010/12/03,1186277039,350280414,3148169821
2010/12/06,261222252,-733211141,3087828089
2010/12/07,196837107,-681001240,1610014912
2010/12/08,-556696362,14794377,3772747427
2010/12/09,1207412384,-1255522290,4413097263
2010/12/10,-207011821,-1150531968,1292827532
2010/12/13,331465006,-798234565,6422004567
2010/12/14,-463475435,-715058575,8204350013
2010/12/15,-653556848,-652141519,5703416006
2010/12/16,701661423,-745773263,3872632499
2010/12/17,284716394,197603001,4743717914
2010/12/20,-902846618,-398354237,-1384710860
2010/12/21,457080600,-253164285,2259299162
2010/12/22,760114435,-211597447,3140348175
2010/12/23,254515183,-133240020,5670027363
2010/12/24,-1058411865,-116473132,4551716061
2010/12/27,-1325330230,-621278037,4404731324
2010/12/28,-1946959307,-438404319,3633994290
2010/12/29,-2335523430,-366743006,2867317427
2010/12/30,-663469632,-344753871,4228897701
2010/12/31,915056168,307766257,-566388826
2011/01/03,184889399,-274851700,10136777902
2011/01/04,691346047,47529346,2934376614
2011/01/05,-1469611389,-836505624,-915444845
2011/01/06,364398591,-1585814458,-1628276352
2011/01/07,-2921817422,-315700521,1651094945
2011/01/10,-1039635616,-591301860,2686138885
2011/01/11,1554441665,101164264,12856371570
2011/01/12,1044028264,12378542,7075083974
2011/01/13,-1759294697,-210112717,9167347042
2011/01/14,-524338881,-984702045,4353782279
2011/01/17,-1075977341,-1370093814,2482888481
2011/01/18,446222406,-729552848,5571525914
2011/01/19,-572662532,-107434362,10759051918
2011/01/20,-153634502,-885327332,642113474
2011/01/21,-593929836,-328612638,-7391942213
2011/01/24,-542970956,-636911795,272413622
2011/01/25,-256023028,537500255,7725186840
2011/01/26,1148078026,426632381,8490493700
2011/01/27,-4174844,34457662,13507298989
2011/01/28,-1435669226,-34468856,8968387966
2011/02/08,-1210392167,174090537,1851114909
2011/02/09,-1580137458,-1058565299,-5575471641
2011/02/10,-2094544945,-1262419353,-16859469022
2011/02/11,-4441258578,-1794108598,-21570598696
2011/02/14,645170968,-244197956,-12502739298
2011/02/15,95167834,-104454816,-5939032615
2011/02/16,-481396645,-574038959,-7906252820
2011/02/17,-1530471477,347567106,-7934754803
2011/02/18,-32091413,749159347,12713635777
2011/02/21,37212150,391026818,-2045827237
2011/02/22,-1881661780,-867256390,-17495615772
2011/02/23,-1567570887,-1770194586,-1747093067
2011/02/24,-288349718,-368686498,-8080527884
2011/02/25,619771312,453279849,-4024618159
2011/03/01,961806836,477132734,1120653731
2011/03/02,-101315896,-791799266,-11854079440
2011/03/03,1387853080,130894573,4092759880
2011/03/04,-259089504,930289860,8773846667
2011/03/07,-216264753,-325951866,-1478378524
2011/03/08,76117003,105654977,809495735
2011/03/09,221486764,65240383,-651335365
2011/03/10,-536057649,-631766967,-5743544162
2011/03/11,-809332390,-181971061,-13771105774
2011/03/14,-1766375148,-482602808,-3040739478
2011/03/15,-3255785841,-1259922455,-11535814298
2011/03/16,1844086197,994474705,-1412163401
2011/03/17,64535604,-335987199,-9408004921
2011/03/18,-740683678,900758211,-8268815863
2011/03/21,-711734730,767241454,-2175009126
2011/03/22,-202962039,579511339,-6172627059
2011/03/23,-35940766,-99238605,-926538842
2011/03/24,741451784,-266204422,663591648
2011/03/25,400037824,437968953,12162067004
2011/03/28,-262094272,-72111000,1888639394
2011/03/29,286279983,-753791206,3289134639
2011/03/30,226613581,518659351,5534006186
2011/03/31,-428316641,-33357938,1992066048
2011/04/01,697599038,-170311498,553383855
2011/04/06,2070829963,-286020519,22215735493
2011/04/07,1814593166,-257925110,9141389878
2011/04/08,-222563527,234492787,15771324685
2011/04/11,-864545017,-542749971,4301437785
2011/04/12,159912616,-1537528549,-5260111167
2011/04/13,1270048647,-1385227631,-1507036081
2011/04/14,740946017,305925616,-1290035879
2011/04/15,-867647398,-326252269,-4455582122
2011/04/18,-1802067198,-1031391630,-1537792556
2011/04/19,-1146334838,-438463887,-11428278074
2011/04/20,1203109311,211813176,7336253245
2011/04/21,3229915656,250761645,20608184904
2011/04/22,304537810,-178040626,9733038272
2011/04/25,632234291,-1451699,3674642629
2011/04/26,44065735,-1144971962,655329216
2011/04/27,-465086172,1963713173,12206196823
2011/04/28,-836087671,-59522849,10085997949
2011/04/29,-1892640743,-413829142,6291045140
2011/05/03,-1844817847,-266984925,6733689044
2011/05/04,1124597768,-228157367,-8256364072
2011/05/05,2584160535,513207578,1508706579
2011/05/06,456111896,-1062406872,-2749627282
2011/05/09,285611,66952244,11737279067
2011/05/10,-198469284,-136133473,4499184237
2011/05/11,-557576556,-117785360,4924433126
2011/05/12,950784751,-926719796,-2933776848
2011/05/13,29382086,335830674,-4513309073
2011/05/16,-1650019560,-974453356,-6572619748
2011/05/17,-1077167460,-152449537,-6749229125
2011/05/18,558498276,-787756265,643787344
2011/05/19,-561580090,734935426,3272096748
2011/05/20,-1660877445,-95687474,-2056270261
2011/05/23,-1064266275,-560915063,-12486105741
2011/05/24,-420501483,-464182233,-2588523525
2011/05/25,-269440433,269857818,-11359038799
2011/05/26,948208376,520199268,-2182538608
2011/05/27,-130133730,1452881986,-504898203
2011/05/30,-223076955,821621787,-2667352131
2011/05/31,2904697354,1587595336,14051357909
2011/06/01,1346769892,1859962626,15498353936
2011/06/02,-876926126,-211143077,-107418171
2011/06/03,-22416830,330405581,2358350823
2011/06/07,521534855,-171560900,-1085617369
2011/06/08,-1685431836,-50299015,892200132
2011/06/09,-240355738,-624190618,-953263011
2011/06/10,-3334284852,22768505,-14386963893
2011/06/13,-2537690468,-493739957,-15890357218
2011/06/14,1315728480,257736711,-3627937087
2011/06/15,-1252512521,-437398256,2002520161
2011/06/16,-2316255092,-572659744,-13539106783
2011/06/17,-1291415905,586379229,-3292856714
2011/06/20,-1460930320,-331386518,-908861191
2011/06/21,741557650,688899365,5228142683
2011/06/22,875456028,1184869373,-471641225
2011/06/23,418512960,-152679553,-665269930
2011/06/24,203787959,-265832093,605390286
2011/06/27,609092371,303345993,-757592530
2011/06/28,-100413296,942101215,-1846257715
2011/06/29,88216219,1484452874,3296369686
2011/06/30,483840134,1081904191,5909657251
2011/07/01,1381156632,972815719,2058874408
2011/07/04,1335683369,401727080,-579453235
2011/07/05,-391397100,314018379,-265907788
2011/07/06,1835770990,870119820,-2564567843
2011/07/07,1229368635,-174356398,996571137
2011/07/08,-3029664153,225310080,-1722858053
2011/07/11,-402175473,158847704,-6304063444
2011/07/12,-3737573957,-700800049,-6571344808
2011/07/13,-867190442,919274156,-9251154678
2011/07/14,-162319993,-25253985,-3788310750
2011/07/15,1637431744,1125811448,-6931804255
2011/07/18,679202481,2321620091,-8759707731
2011/07/19,785095492,1066275321,-5811411062
2011/07/20,2152139735,1509630639,5271671431
2011/07/21,2926615115,1048911972,-3340151023
2011/07/22,1048890957,761310763,4933786792
2011/07/25,-194911427,-640292921,-893843624
2011/07/26,2874873717,-270027098,3118837072
2011/07/27,2407692447,241980329,-4804137777
2011/07/28,-1625726307,-412510347,-7406196405
2011/07/29,-4024869226,-794762361,-8182897962
2011/08/01,1728665756,166837727,6354100951
2011/08/02,-774011812,750517461,-4435757436
2011/08/03,-278898767,-261140091,-17886856447
2011/08/04,-2147413067,546139536,-7112146020
2011/08/05,-4339843586,-130211861,-15615674971
2011/08/08,-2530311946,433658377,-31513275488
2011/08/09,1796931264,398752507,-33050475733
2011/08/10,-670021695,2451227888,-31761015676
2011/08/11,355813057,1268629394,-10303904840
2011/08/12,-2763895252,1163720305,-20000311825
2011/08/15,876538936,806123871,1347251291
2011/08/16,-774137823,629332002,-4530038978
2011/08/17,-1375977846,-350643024,-11317132383
2011/08/18,-1267551067,331595287,-16344473349
2011/08/19,-2681863115,-1433274015,-5792728235
2011/08/22,711541333,-73068635,-242995537
2011/08/23,2249499665,-370569205,25764079
2011/08/24,354992811,2212464029,-3844592487
2011/08/25,-1203241510,-848905678,1744501806
2011/08/26,-578930736,-1295510393,4189119179
2011/08/29,738330149,909905937,7414803407
2011/08/30,738236614,2002820646,-3863437215
2011/08/31,610040680,950524959,6189374665
2011/09/01,-497808765,-446006019,10837824772
2011/09/02,-356080482,-557814863,-7480228061
2011/09/05,-1648147909,-99689107,-19254582748
2011/09/06,-2263485218,-1975695131,-13941964781
2011/09/07,1129443751,-917245101,1578028759
2011/09/08,-487232305,1409880132,-2143974857
2011/09/09,573652750,1488482698,2749772298
2011/09/13,-1986158763,134475513,-14975526979
2011/09/14,-1879709109,-425469606,-9746760724
2011/09/15,1388445277,26343665,1490883720
2011/09/16,2351161147,1008888443,11586346891
2011/09/19,-639138595,657461761,-4525005726
2011/09/20,-40497562,-48151433,-5410782431
2011/09/21,1155275464,538926227,2804782361
2011/09/22,-1633958285,-505449432,-20376754818
2011/09/23,-2271625044,-1134287289,-15143600985
2011/09/26,-1009958359,373356742,-3153244550
2011/09/27,585554831,946807632,1214599276
2011/09/28,47612417,1141726607,5332397751
2011/09/29,235040024,671604458,2032486311
2011/09/30,-240003150,686725698,-2154605315
2011/10/03,-1984856190,-412330874,-13076183341
2011/10/04,313729921,-1528068634,-2783129537
2011/10/05,-42167202,200530938,-3032916498
2011/10/06,569188139,292799317,8065250049
2011/10/07,82834037,1911388014,2825530598
2011/10/11,1363539735,1438754295,7887565953
2011/10/12,477247000,917539876,3499147559
2011/10/13,-319924971,-245692199,7961838059
2011/10/14,-359808411,-255587059,2415934566
2011/10/17,866635141,629981975,7787911219
2011/10/18,-756192416,-834156257,-2743724899
2011/10/19,-686904643,-346627645,-2306766053
2011/10/20,-1099685693,-1025156901,-9624516248
2011/10/21,195981190,-1952774061,-2096319978
2011/10/24,2332559604,1095543496,13461342300
2011/10/25,343240374,2106455804,6128882559
2011/10/26,1013404232,312579811,469955311
2011/10/27,437525465,756734910,2178527322
2011/10/28,-177922110,1413788476,23944018617
2011/10/31,-1006308276,-295716194,341469924
2011/11/01,827768537,-272663629,3826940771
2011/11/02,344345537,219551259,-5230838458
2011/11/03,-1355054626,-317681755,-8012384646
2011/11/04,1777279643,151388343,4907330046
2011/11/07,392134070,347164695,2323990068
2011/11/08,125812622,367426186,-1526767369
2011/11/09,-333027752,-263113637,-1532486238
2011/11/10,-2705947137,-1826691068,-12715771118
2011/11/11,162439630,104468930,-5126088036
2011/11/14,1692512383,1013912940,5816090071
2011/11/15,-109476842,196892769,2976664538
2011/11/16,-875671446,-1149699679,-2556148728
2011/11/17,-222862738,-254635907,-3845975330
2011/11/18,-712483681,-666952182,-11656350714
2011/11/21,-1057368717,-546838851,-9917109342
2011/11/22,-642345442,-788536070,-4868512485
2011/11/23,-1462633039,160539274,-10568882962
2011/11/24,-780882295,536602886,-3138174813
2011/11/25,-383121521,-310171202,-9101329526
2011/11/28,-341634002,-304555136,1187225796
2011/11/29,384275817,884538617,3043533992
2011/11/30,-1134009192,-438514077,3988944352
2011/12/01,2431061477,1149611780,16099618371
2011/12/02,207260258,-771769597,6196260455
2011/12/05,-286045963,-765928274,3371045188
2011/12/06,-993138402,-1504571686,879318960
2011/12/07,-96376327,-754573197,6808494632
2011/12/08,-468700121,-235409878,-1523267154
2011/12/09,-248028634,-434158630,-4409595492
2011/12/12,-356761535,637706554,2740464157
2011/12/13,-291256301,-529279388,-1726352030
2011/12/14,-321299029,178535961,-398647133
2011/12/15,-1199929339,186813500,-6417789479
2011/12/16,-197822789,78685270,-298710319
2011/12/19,-620680038,-713981489,-2173851731
2011/12/20,254982491,-309375005,-2193051817
2011/12/21,926496233,1990619083,1955857144
2011/12/22,564369602,1771866822,-357417090
2011/12/23,960767645,376656115,4281811021
2011/12/26,43551448,-125044950,681282594
2011/12/27,-138873342,-464053649,3393716740
2011/12/28,326291606,-843758493,2847794756
2011/12/29,432101381,-826957076,4645376963
2011/12/30,-581814753,-28242317,4979943495
2012/01/02,-817568880,-1889701978,-1321670528
2012/01/03,155307474,-1061113695,5439759230
2012/01/04,80877523,-13367755,-1369067324
2012/01/05,475635018,296711670,-247115813
2012/01/06,112686731,501020701,-3182403086
2012/01/09,-386970910,-628078789,287693686
2012/01/10,580836488,863495882,10022950101
2012/01/11,361643632,802217332,2220094315
2012/01/12,199655902,-498977768,4821670990
2012/01/13,-66356959,-1565284106,9327768030
2012/01/16,-1525810369,-2565837969,-5676079044
2012/01/17,1443979616,-1273437192,4214217662
2012/01/18,303148619,-224250,3365908974
2012/01/30,1940078665,109901525,19816017795
2012/01/31,1772609248,-181761016,3598487064
2012/02/01,1270085625,-433017539,-324152967
2012/02/02,1676195075,-220156585,6691577515
2012/02/03,2030512938,-131126261,950136144
2012/02/04,888397553,716618067,-1578820917
2012/02/06,-373918204,387445580,3473581284
2012/02/07,411667252,-674055935,6504305018
2012/02/08,2190534525,328488123,11390263435
2012/02/09,1086115203,-175393221,4524547298
2012/02/10,-739547392,-1127951010,-3207108760
2012/02/13,1885912609,-800512027,-4375803100
2012/02/14,-1668493578,-142075656,2269344338
2012/02/15,2229197910,-1066821218,9920910805
2012/02/16,-1571706254,-413625526,-1304489101
2012/02/17,-394966910,-1499480373,8096174635
2012/02/20,428081601,556725908,1100314316
2012/02/21,-633339826,-449023052,-821896914
2012/02/22,686212244,-336196303,5754104220
2012/02/23,-858450334,353256802,-5594633308
2012/02/24,-1593037089,-1147701970,1287465898
2012/02/29,1783506693,1078699508,18713761624
2012/03/01,1149388176,392019331,4111090764
2012/03/02,-117830054,-131561472,1791388655
2012/03/03,292821259,-471138903,-1805230306
2012/03/05,-2228558352,-1159781565,-4438627045
2012/03/06,-340762736,-2628260393,-1322194346
2012/03/07,-546146589,-714456851,-3031117290
2012/03/08,-486822578,315110859,1176119165
2012/03/09,-389318633,273335425,2445773687
2012/03/12,-814845488,-204469626,-213510293
2012/03/13,718042122,-816111537,11485363054
2012/03/14,1846786751,1105280926,15201420684
2012/03/15,-32644760,-15393607,2738775501
2012/03/16,-377609759,299440529,-292721257
2012/03/19,-1535819371,-466781365,-1066946915
2012/03/20,-1247688336,-580875315,-1470707049
2012/03/21,-1234810287,393488716,893609143
2012/03/22,447876952,-27751079,6486497627
2012/03/23,418174735,-104527070,3343086109
2012/03/26,-515978002,226484141,-14104332701
2012/03/27,-418131740,330764754,6923490262
2012/03/28,-1236216898,17037819,2998979122
2012/03/29,-1498014669,-901332488,2313944035
2012/03/30,137308998,-646537648,-1844347610
2012/04/02,-745764834,-542779489,-2320351255
2012/04/03,-342944569,-1330778184,5839812827
2012/04/05,406747565,-840133497,-2255018814
2012/04/06,-542429955,306813194,-12337665268
2012/04/09,-520015183,-48755981,-7401500265
2012/04/10,-691527565,-458540442,-3423525200
2012/04/11,549286695,685349968,-5447260848
2012/04/12,-201658535,556034963,-7447163708
2012/04/13,32340104,852997531,2908830703
2012/04/16,-168488023,-40880581,-2867489880
2012/04/17,-542667440,-979706049,-5253547147
2012/04/18,424659723,-1171350753,-1524938769
2012/04/19,-77761959,-383924121,3239352096
2012/04/20,-892092275,169382629,-1625204841
2012/04/23,-348956713,-720287718,1722843436
2012/04/24,-794070420,1095350626,-78343393
2012/04/25,102776891,523759486,1881636451
2012/04/26,-741134899,675854111,-2067500368
2012/04/27,-1285472826,-79563048,3597539767
2012/04/30,436849946,125816369,3641095537
2012/05/02,1979957114,222616750,-5809776073
2012/05/03,-45921703,977407330,196577779
2012/05/04,647156048,-650817983,895271077
2012/05/07,219507485,-505267611,-16391155590
2012/05/08,-335035300,-185664287,-4944444800
2012/05/09,-387903682,-716555920,-10102525633
2012/05/10,-166918422,-499566913,-2072108598
2012/05/11,-911795892,-46823818,-9273441278
2012/05/14,-407415114,308111802,-2205307047
2012/05/15,705284543,-378308296,-6316483361
2012/05/16,-593037146,288823320,-11790782313
2012/05/17,-676614723,-850623057,682763458
2012/05/18,-746640145,559703805,-13413735566
2012/05/21,74979738,92833431,-2347484462
2012/05/22,159832719,457404252,-2897291136
2012/05/23,-616392140,-294951681,-8145952348
2012/05/24,345214933,-119319843,-1374581260
2012/05/25,-386396741,59037466,-3927808790
2012/05/28,-487610658,54414492,-1412831192
2012/05/29,1173531953,1014756019,-453727733
2012/05/30,-518307804,1141102959,-6412604271
2012/05/31,-615168960,-186183561,-5307710258
2012/06/01,-551688208,66466174,-7675891467
2012/06/04,-419253263,-427551325,-2695383851
2012/06/05,-479357551,193601707,-2282045034
2012/06/06,570844406,696356610,-559694365
2012/06/07,-97214138,148455028,1472842048
2012/06/08,-66413006,122053726,-7535418668
2012/06/11,568756726,138402266,1027488849
2012/06/12,-197519720,183497250,-3143821590
2012/06/13,-7525856,549074137,-2343990789
2012/06/14,597447487,304783494,-2842114300
2012/06/15,1319366318,828908173,930744193
2012/06/18,1231183188,1046570017,6750028397
2012/06/19,293210340,-167031816,3595117971
2012/06/20,620182354,-221564717,8167880877
2012/06/21,-319579483,136704565,-3357234604
2012/06/22,312768277,-201065232,-8149108325
2012/06/25,-353310718,-220238370,-7876373187
2012/06/26,-673638900,-561805208,-4262530403
2012/06/27,531487197,34811156,79122388
2012/06/28,-205633210,-219945277,-2543844502
2012/06/29,1494165462,262915379,7028140043
2012/07/02,741576752,1470929270,-4305362613
2012/07/03,1849168640,806094770,5751091191
2012/07/04,475527500,802951034,2666067995
2012/07/05,-243265735,357591182,-2153698970
2012/07/06,464929110,-341965358,-66483089
2012/07/09,-591442086,-74776300,-5765130389
2012/07/10,-708458630,162576530,-4479865637
2012/07/11,355255252,-55211354,-4361662937
2012/07/12,-610488,386925696,-13445263644
2012/07/13,700062956,271071769,-4960189275
2012/07/16,-199403263,572276113,-3175286442
2012/07/17,-62811487,78115536,-1640234076
2012/07/18,-1294100985,998689714,-7494059206
2012/07/19,400382830,1295737910,3695449445
2012/07/20,-62825655,475968004,1851364153
2012/07/23,-409223443,-218410450,-9606889699
2012/07/24,574934022,-121701592,-4258319421
2012/07/25,-1131099060,340234490,-12186875072
2012/07/26,-342806867,105715079,-3712644690
2012/07/27,399233754,893001736,6969882689
2012/07/30,512037247,962147870,3795007904
2012/07/31,2131116146,236231755,9856869798
2012/08/01,1516831997,959761199,-801029394
2012/08/03,-2504619236,478563560,631746181
2012/08/06,1434958619,1494875806,12241995512
2012/08/07,345097505,4737155,7573228903
2012/08/08,73102651,799769646,5143367999
2012/08/09,846690187,600912860,19770416622
2012/08/10,139311696,1472738260,5023504052
2012/08/13,-91758973,-299563448,4226060548
2012/08/14,672864703,-399215967,8159709609
2012/08/15,-6826893,793196507,4611755522
2012/08/16,803257628,559064744,6744140510
2012/08/17,528312242,-113685558,1214620449
2012/08/20,-558770043,-171746297,2020924552
2012/08/21,216003042,287887288,12307973565
2012/08/22,-5236189,-384761837,120788611
2012/08/23,-433297335,-211906106,4514090025
2012/08/24,335107362,110623223,-1398270231
2012/08/27,-639540628,-339432552,375593506
2012/08/28,-2041733309,-709117664,-2057689232
2012/08/29,-122446185,-73187956,992162354
2012/08/30,-1238819038,582748010,-2280612796
2012/08/31,-158834946,41874812,2962513274
2012/09/03,951481441,589269169,-435797178
2012/09/04,150940952,-119740413,-1278126765
2012/09/05,155206843,-700006140,-8978727506
2012/09/06,-851290176,-700392953,-3749700022
2012/09/07,1099510296,509512280,8550979574
2012/09/10,628552098,697389291,3245772180
2012/09/11,-132274644,27850618,574541755
2012/09/12,1504463360,707599945,2979895016
2012/09/13,410230319,424849083,5076357493
2012/09/14,2557742674,693438929,15766114186
2012/09/17,-333912717,444097401,2789985708
2012/09/18,888563136,-461310143,2490159564
2012/09/19,624336130,-689041524,7154531083
2012/09/20,-866450608,-597022977,2193335994
2012/09/21,-330311329,-643419948,8478265639
2012/09/24,-285709572,-439340899,3840016654
2012/09/25,-989814599,-1006695062,4168417089
2012/09/26,-1037624947,-1494623661,-3121338445
2012/09/27,-380590174,-560225588,2805475539
2012/09/28,-1529311473,-37790816,6138679022
2012/10/01,-437167817,-523465463,553350283
2012/10/02,305184657,-382710292,3600718194
2012/10/03,-129144306,-144057500,2436855201
2012/10/04,-185019174,-391557406,1139674782
2012/10/05,-131038567,305646226,-378810215
2012/10/08,-1995214223,-518806204,1649053159
2012/10/09,-1090933983,-677425163,5003598496
2012/10/11,-1265296323,154258077,-9104188672
2012/10/12,-1471616680,12519240,-6274406614
2012/10/15,-646391464,505456390,-3218164484
2012/10/16,-229531565,84713782,-2793731420
2012/10/17,-79521499,171027736,-3833118314
2012/10/18,-531481467,-521179276,-765614559
2012/10/19,-102302969,-103480725,-5099499028
2012/10/22,-497774748,-119566208,-4279909559
2012/10/23,-1397864514,-134797694,-2376484938
2012/10/24,626497734,-541332572,-3538917645
2012/10/25,-1556211418,-64142485,-3161743368
2012/10/26,-1423262060,-357669827,-1900108681
2012/10/29,-322450497,346671510,3148542278
2012/10/30,210835987,531740624,-1283464145
2012/10/31,-1052947458,-356083349,1799854876
2012/11/01,493933933,-428350983,-5226529051
2012/11/02,-219965577,325097358,1066757314
2012/11/05,-218178110,240679236,1709850463
2012/11/06,654864238,386461797,1729072843
2012/11/07,421647476,874474559,4299585489
2012/11/08,-496605669,18889864,-1292108842
2012/11/09,1228433810,608417849,123975295
2012/11/12,-733209800,-603912747,2608109875
2012/11/13,-1527626147,175699341,-9086330546
2012/11/14,-369790670,-172112759,-1725070815
2012/11/15,155015251,297395705,-1605317747
2012/11/16,-168888673,-91929887,-2931330768
2012/11/19,-320152335,-391890470,940319588
2012/11/20,-852776311,-128574292,1456325363
2012/11/21,-7625304,68596463,-4918617714
2012/11/22,114492678,-1266749446,1570327611
2012/11/23,1725917962,255546046,12426348072
2012/11/26,675345071,1173203445,10477398784
2012/11/27,254613133,237046329,5212977572
2012/11/28,593754511,-50141257,-17066115
2012/11/29,1450888904,57599027,10611870923
2012/11/30,310067197,725135585,15326031020
2012/12/03,607075582,-497065671,8372014085
2012/12/04,1847615473,9940806,1903671319
2012/12/05,1848126093,-127758800,6363427692
2012/12/06,-888074327,-644503399,7296618158
2012/12/07,331078006,-654331688,2763434800
2012/12/10,177288570,-1037186208,758446247
2012/12/11,-372372056,-854661955,8776272690
2012/12/12,1137118306,84071967,9920351265
2012/12/13,1290597552,446251794,4458454714
2012/12/14,-432706582,-1624505732,-337006002
2012/12/17,-853116350,-1516790898,-9848053388
2012/12/18,84862691,-245646336,155424338
2012/12/19,-613641856,-505316100,5359094978
2012/12/20,-1733409599,-963574629,-2657185474
2012/12/21,-1277825099,-1186116638,-6644260995
2012/12/22,-179195696,-611778705,-493266676
2012/12/24,-345755698,-277529604,-132725905
2012/12/25,1127414129,-837996855,5033920463
2012/12/26,-51324535,-40385113,3661534461
2012/12/27,-355328253,-51643130,589421516
2012/12/28,-240475347,2766748,4212452820
2013/01/02,462964566,12429375,6488644955
2013/01/03,1521725067,44462173,1098834468
2013/01/04,319283453,-618577717,-6057659956
2013/01/07,-12684809,-1680069024,-5754465842
2013/01/08,-688032452,-1255582204,-6836466282
2013/01/09,502082973,-105676015,-359624794
2013/01/10,233454708,746591294,8771126260
2013/01/11,-244744783,-324617810,3066013795
2013/01/14,75549407,-475103199,-1558521249
2013/01/15,-1138264469,-1280210712,-3779232329
2013/01/16,-440075153,-1051428828,-4165891044
2013/01/17,-1932558965,-247642249,3354773658
2013/01/18,365716331,-46384661,3425419388
2013/01/21,205362009,-511537127,-153043913
2013/01/22,673216912,229265465,2698781872
2013/01/23,-128599717,-294950494,2207293497
2013/01/24,-755946043,-913647280,-8592278127
2013/01/25,-316165877,76096751,-2356554505
2013/01/28,121010229,-573592108,3719714504
2013/01/29,1597314077,-128522085,7606844833
2013/01/30,489982200,239844550,8063111835
2013/01/31,-296658419,210542084,5417153446
2013/02/01,495046184,119237225,6129826838
2013/02/04,996309722,-742508495,8073178312
2013/02/05,236587859,-368780146,4666965918
2013/02/06,-241256622,-494352327,7482479316
2013/02/18,1043128625,321695329,3254828960
2013/02/19,928189398,-862923989,2004259553
2013/02/20,907990908,244397994,5985111833
2013/02/21,-231533022,-1156363699,-1205284725
2013/02/22,412680210,-983327467,-1501072102
2013/02/23,643578238,-321995015,644309925
2013/02/25,687874645,576104050,-3082238785
2013/02/26,-863061736,-380799184,-3549014677
2013/02/27,-239229492,-514809970,301374929
2013/03/01,377397978,-176868154,5518519680
2013/03/04,-232130899,-1050139739,-6935710920
2013/03/05,354432765,-274712919,3301827014
2013/03/06,-198066543,-1367292378,2184651453
2013/03/07,1167770367,-700382365,1040843955
2013/03/08,339005182,-193310324,4103146917
2013/03/11,573533474,-49598958,495553824
2013/03/12,-548993124,-241915934,-385651422
2013/03/13,-1360216222,-1427855335,-438247755
2013/03/14,-1041356142,-736101517,-4597551332
2013/03/15,-1009791756,-393122334,-4504691347
2013/03/18,-1650862220,-971381476,-8113822525
2013/03/19,207698465,-809182038,-6787000116
2013/03/20,163418462,-55587369,-13673221483
2013/03/21,-249566822,-155666551,-4547218595
2013/03/22,-339455859,-211525839,-2551869859
2013/03/25,-532188019,-8228734,1506076279
2013/03/26,297736351,-225787148,-812045249
2013/03/27,65716639,-623678641,1472490950
2013/03/28,-1053335700,-111409483,-660533650
2013/03/29,562344943,-340876897,3503961542
2013/04/01,-206463673,1762097,2940030184
2013/04/02,-73292605,-226996199,3459618409
2013/04/03,442337596,-199595584,3709656795
2013/04/08,-525349290,-917599360,-5454674590
2013/04/09,-346754169,-580999676,-6294958758
2013/04/10,352798527,-30576788,-4649409560
2013/04/11,859025903,-164128350,1344804155
2013/04/12,-1339173359,-297695792,-1424666819
2013/04/15,-935805873,-707660780,-4209797806
2013/04/16,689117801,-446969001,-1590170451
2013/04/17,793446943,25675363,-3037240236
2013/04/18,444988618,-537522987,-821590253
2013/04/19,1856136214,253385895,7253166619
2013/04/22,620469585,-353428723,3890223258
2013/04/23,152537440,-1311008246,-2642888076
2013/04/24,1253859940,-858910228,5152102376
2013/04/25,-652645762,-268347650,5519291758
2013/04/26,-697544739,-704711146,5349979835
2013/04/29,249270702,-534666081,10640673019
2013/04/30,1164092198,183969760,10381395664
2013/05/02,833792358,-506377257,7956843716
2013/05/03,13540731,-1251958682,4634005474
2013/05/06,807544422,-381662548,3365652012
2013/05/07,-1126491123,-1319957812,7594623904
2013/05/08,307817950,-930234739,15800384829
2013/05/09,-38969384,-896976668,7929816514
2013/05/10,-21261697,-852180581,5913099849
2013/05/13,-678590785,-715158620,3418105941
2013/05/14,-505398523,-1403285757,7418195158
2013/05/15,551301264,-783046637,5032321895
2013/05/16,2752162921,-182909198,8063637291
2013/05/17,778207669,-1185431452,2944087796
2013/05/20,640008536,-985521318,3540591613
2013/05/21,534669832,-592149164,1872273989
2013/05/22,706713096,-943364953,4264988743
2013/05/23,-2807634410,-1075454867,-8162798497
2013/05/24,-1749765819,-1135016893,-4023278638
2013/05/27,1023627085,-898776876,54419217
2013/05/28,216465456,11252677,-4043816661
2013/05/29,518303962,65787006,2690650983
2013/05/30,-1120837712,-445573342,-11604120747
2013/05/31,-255777277,-244762760,-6322440805
2013/06/03,-16950216,-552958967,-6663091097
2013/06/04,-1374623238,-923488971,-2200612154
2013/06/05,-236334796,-1130964953,-4272631694
2013/06/06,-1332443263,-1424005887,-10246966487
2013/06/07,-1766833271,-533880988,-5274782453
2013/06/10,575827668,-289984920,594339019
2013/06/11,94912920,-531393930,-4272059540
2013/06/13,-1839423786,-819307343,-17118890251
2013/06/14,-2260612734,-296009067,-4853835900
2013/06/17,596218471,201340346,-5708932429
2013/06/18,480049481,-44190695,-4784604987
2013/06/19,303319927,13143017,-4979638978
2013/06/20,-986835252,-374119995,-9360130109
2013/06/21,-203176750,-1345944556,-17180672998
2013/06/24,-845804899,-675706617,-17015755096
2013/06/25,-1063923767,-442813483,-9458936907
2013/06/26,-890752211,-111081692,-2188780640
2013/06/27,-323717100,-104638896,1138829289
2013/06/28,-576443735,-645185700,6348217046
2013/07/01,1725256626,16137135,-4202355487
2013/07/02,-54416312,154292843,-6908151661
2013/07/03,-1551405741,-662269938,-4847625860
2013/07/04,1156199455,-479983898,-4219800354
2013/07/05,2410347313,42375018,5023909976
2013/07/08,-1751875159,-220894989,-6212016731
2013/07/09,1056514645,-35236121,5023117361
2013/07/10,86135338,690526720,6008880575
2013/07/11,3549996424,63089875,19053623640
2013/07/12,1041527340,177224700,11332909210
2013/07/15,2632432477,294920864,9565959007
2013/07/16,2642796445,-543041869,6551192259
2013/07/17,142553351,-329030479,7774238529
2013/07/18,-949405937,-546800339,6813602303
2013/07/19,-1029136043,-717278468,-2417125466
2013/07/22,1033413919,-205478622,1898203401
2013/07/23,3712446628,882508825,10667275609
2013/07/24,858453733,-413458933,3502239947
2013/07/25,-1779592466,-67150513,4012480451
2013/07/26,-214668373,-96345400,3355880748
2013/07/29,-436256803,82785944,1344549537
2013/07/30,955750658,-243979169,7769274578
2013/07/31,910720946,-294709165,1486633388
2013/08/01,1932011468,-373546548,-2719140506
2013/08/02,-3378377671,241009924,2200914438
2013/08/05,1610485017,-129058207,894301169
2013/08/06,495159749,-206535717,-8871934243
2013/08/07,-600291904,-499881690,-7265585725
2013/08/08,-96429080,-186013461,-11909748287
2013/08/09,-634824987,184363022,-8191984587
2013/08/12,-1062043097,196524216,501164108
2013/08/13,795130217,833075260,5128709912
2013/08/14,-573176593,-145467736,-4141585540
2013/08/15,-2178095607,-64933770,-6998394161
2013/08/16,-570908430,332454747,-251756359
2013/08/19,-1788648568,-126852946,-4007624148
2013/08/20,-1400242458,44164675,-2230128607
2013/08/22,-982381510,-358514942,-10667326908
2013/08/23,1373640924,795724756,660063867
2013/08/26,1628633402,487302262,297007842
2013/08/27,-354529328,257644627,-695049697
2013/08/28,-179766130,-406179220,48227843
2013/08/29,-1625156943,-108421876,6917381085
2013/08/30,648221965,-2521696,5573756845
2013/09/02,150090200,-31332090,4071218693
2013/09/03,364293146,-623845588,7696825801
2013/09/04,143462884,-416630418,4718683798
2013/09/05,1657174604,-200413980,9982399226
2013/09/06,394214393,-531109947,7228094453
2013/09/09,-1499309862,-485748840,10983199475
2013/09/10,-1239921675,90212535,12084052644
2013/09/11,-535541419,-780256243,9077706631
2013/09/12,1726714511,-58324912,7243416115
2013/09/13,-301145105,-439269947,3464430912
2013/09/14,-420647234,-413151428,1529461456
2013/09/16,255270371,-81365253,13354111385
2013/09/17,-514349964,-181656200,4267974158
2013/09/18,191210190,-373514650,3529169571
2013/09/23,456678230,-98036299,8334695470
2013/09/24,105305293,-63907205,5681891361
2013/09/25,-138744993,269017580,3949832816
2013/09/26,-1521137077,-642395206,-25227293
2013/09/27,-144302721,-494546819,7854764423
2013/09/30,-1656680682,-415202592,-4031539912
2013/10/01,284573992,-41183429,-1911268826
2013/10/02,27505921,-82550864,518218426
2013/10/03,2019628832,249665154,17009622183
2013/10/04,801049675,267198365,5188038533
2013/10/07,-225039532,-465739306,398852075
2013/10/08,683123110,-497654708,3098484836
2013/10/09,-1175719957,-212814171,3413030516
2013/10/11,-780473992,-292277534,3736065025
2013/10/14,-1607723063,-451109698,3406085989
2013/10/15,731742757,-352448073,7250383054
2013/10/16,-415984462,-376926236,1679626446
2013/10/17,336483338,-247759865,3041656074
2013/10/18,557446254,-521325060,7962797440
2013/10/21,319769047,-392083486,1551623294
2013/10/22,563032415,-411298646,2662140603
2013/10/23,-1443461908,-52190708,2830332477
2013/10/24,793987530,-297071279,2318940303
2013/10/25,-1442076412,-165676389,-2948079270
2013/10/28,120596321,-412425647,4529051160
2013/10/29,391695911,-214515623,-222746188
2013/10/30,445895370,-31783595,4992900426
2013/10/31,22790002,41360285,4112426204
2013/11/01,-1415879551,-117832963,382411645
2013/11/04,-487754087,-511538104,4388112225
2013/11/05,-1220473414,-398560663,-3396404871
2013/11/06,-376698894,-860757877,3086309421
2013/11/07,-46883579,-437122653,-2468543816
2013/11/08,-990495202,-482795888,-1455415754
2013/11/11,-306441639,-282998158,-4964364276
2013/11/12,251859062,-399781919,1973999565
2013/11/13,-670843367,-530189635,-8479776720
2013/11/14,455975013,-53697804,-5946960339
2013/11/15,427656458,513020475,-2534719924
2013/11/18,278350460,102428932,1311387057
2013/11/19,2314087066,500250387,103130396
2013/11/20,1689653690,396384782,-7664627873
2013/11/21,-1645721084,-128143166,-10029591406
2013/11/22,-374856320,-142512660,-4640270486
2013/11/25,1232142778,264807320,1620368187
2013/11/26,996867165,81303519,439703458
2013/11/27,512323936,539044226,1651786175
2013/11/28,1626505414,438408937,8399385319
2013/11/29,2103921446,-84525438,7029083460
2013/12/02,137655119,-69503979,3560647391
2013/12/03,439161783,-658825922,1772661803
2013/12/04,543249204,-926592741,3440071191
2013/12/05,-1051809665,-490950616,-1811478750
2013/12/06,-20373270,-607070779,-392784651
2013/12/09,-198597074,-591402502,8655617380
2013/12/10,-304757515,-811932342,5295372587
2013/12/11,-1106140861,-41387806,5152299505
2013/12/12,-613666173,93438068,-954523023
2013/12/13,346652232,-180471004,-1012656310
2013/12/16,-739791375,57686886,-2346944435
2013/12/17,-83097940,-225029541,2143104451
2013/12/18,-509934180,-284537065,-1262708624
2013/12/19,-320461430,624209885,2089500474
2013/12/20,204808468,-328345766,1259423968
2013/12/23,635362140,15599240,1465468146
2013/12/24,233370265,-164770587,-39691372
2013/12/25,771087174,-451345253,-132734479
2013/12/26,493233325,-523457657,693104640
2013/12/27,490966583,-47967284,5904006811
2013/12/30,1339208082,245828886,7949378231
2013/12/31,668197932,-95614420,5573844969
2014/01/02,653359096,-89044739,2371750259
2014/01/03,-497205661,-1262564618,-2464608442
2014/01/06,-1123451887,-1623923703,-80564203
2014/01/07,1099811056,-812680340,1034767964
2014/01/08,919916977,-88874367,3567923294
2014/01/09,-692313798,783059766,221104437
2014/01/10,-726327942,-79180255,-351451847
2014/01/13,-133869772,254494082,3816466964
2014/01/14,169663954,-205052574,109366652
2014/01/15,1542114091,256344717,7653597081
2014/01/16,406562620,174688207,4701678035
2014/01/17,-1061789188,-549782291,10867221495
2014/01/20,6687272,-39215979,3659694202
2014/01/21,138207760,-240131671,330552628
2014/01/22,244390648,-83101501,2632718411
2014/01/23,-555882321,-96956182,406194252
2014/01/24,-303799129,-269239318,1896342962
2014/01/27,-1946511139,-703683062,-17156174881
2014/02/05,-2549494567,-572162059,-44387846106
2014/02/06,101310248,-232810961,-17128006918
2014/02/07,-185008083,488261308,-6562662882
2014/02/10,184212488,145860393,-6420901399
2014/02/11,1001484690,224505592,-216293615
2014/02/12,1512874819,157539485,2915522581
2014/02/13,-652389126,-487980089,-1065632978
2014/02/14,628736099,-611407221,9570428257
2014/02/17,269837105,-374007398,2743031447
2014/02/18,818564239,-787092739,5968342210
2014/02/19,318871352,-580054051,7728140206
2014/02/20,-110769958,-113237061,990112388
2014/02/21,1168754115,-31302102,10358797653
2014/02/24,114326467,-808864254,1856250888
2014/02/25,795216003,-1169025052,3567963492
2014/02/26,731533170,-662345499,6938657008
2014/02/27,-191597428,-340447074,6936241666
2014/03/03,-926088928,-1088295089,-709748310
2014/03/04,310692191,-582414787,-2158319967
2014/03/05,928735504,135736707,1223504634
2014/03/06,1495664051,-647363856,10014396138
2014/03/07,-1134631993,-583348217,12653738155
2014/03/10,174481293,-1322697914,3054557058
2014/03/11,912336292,-852916654,-394487362
2014/03/12,-1162329944,-470186380,25674216
2014/03/13,1856269445,-346471288,5516010334
2014/03/14,-702760951,-1063647158,-1742269939
2014/03/17,707620373,-897669060,2781918821
2014/03/18,64810427,-151409424,3981452901
2014/03/19,-436812387,-653832273,-1149220843
2014/03/20,-1219721098,-250916052,-4484041987
2014/03/21,-992271680,-517472299,1343563821
2014/03/24,670628553,-940097692,7126972636
2014/03/25,1093321150,125234031,40376899
2014/03/26,1049146368,426467330,5894521845
2014/03/27,206581915,271316784,8462794769
2014/03/28,-1258201601,466693179,10044147022
2014/03/31,783742730,-128042675,10526679316
2014/04/01,1032244951,96658142,9069453022
2014/04/02,1047482019,120304875,9362992133
2014/04/03,-738586869,-652977256,7489913672
2014/04/07,1086873864,-935291227,4923840650
2014/04/08,243022891,-1297344632,3111608244
2014/04/09,443109606,-244513194,6374011294
2014/04/10,-1523637865,-1165639889,4685949573
2014/04/11,-1327698205,-1446738930,2321963350
2014/04/14,-457261242,-1148505090,6907254580
2014/04/15,446152599,-629786562,5618818819
2014/04/16,-935440708,-118903750,5570470689
2014/04/17,833471458,206846610,926341359
2014/04/18,-410878150,-556658332,3393968489
2014/04/21,1457781564,-175158261,969578693
2014/04/22,1047564492,-348693599,2882794709
2014/04/23,-468380641,-284900836,4134442977
2014/04/24,-676025962,-901589626,4875636021
2014/04/25,-2716433412,-255860390,7060753520
2014/04/28,855737771,-1019614705,4427184042
2014/04/29,848241730,373960242,-1438358180
2014/04/30,-1672882851,37602576,-3007429938
2014/05/02,1032249688,101817300,9399205576
2014/05/05,1369779250,-154059411,-306468366
2014/05/06,1093756752,-529310355,-2224523868
2014/05/07,-798483279,136784654,-3726844454
2014/05/08,65378427,103259689,1837529606
2014/05/09,-1864401410,-579097260,-5646133007
2014/05/12,-1153884340,-72915379,-6329679741
2014/05/13,-990103691,-572958628,3546228200
2014/05/14,592760608,-198702867,7687835636
2014/05/15,719262579,145999636,1836574914
2014/05/16,-902679664,-588181040,2156557543
2014/05/19,608854522,-52395475,4520834391
2014/05/20,23736371,276461651,1568448550
2014/05/21,-977211209,-329525621,-858476032
2014/05/22,1668112091,124448862,5521970740
2014/05/23,1960770700,458133854,3569512926
2014/05/26,1064101887,-75005266,598831613
2014/05/27,636919191,-195476382,584399074
2014/05/28,1026510922,-62884597,6456752860
2014/05/29,164289852,-40803602,4215925664
2014/05/30,-249155627,-632486263,-758173110
2014/06/03,261064648,-817305156,2974733034
2014/06/04,603353201,-165587277,-1551524464
2014/06/05,427337631,-400511909,372997456
2014/06/06,-382123766,-606685988,775142091
2014/06/09,623426477,-699237480,3826324132
2014/06/10,-208915023,-632548927,9646413625
2014/06/11,179371701,-415744927,2889708605
2014/06/12,348837590,-1067387350,1978418449
2014/06/13,-503278458,-912505344,1332642418
2014/06/16,391269165,-377779686,5136015068
2014/06/17,1170187266,-212034076,3915381000
2014/06/18,-1550355976,13447991,17134185477
2014/06/19,922237744,-67669090,7803021067
2014/06/20,306180579,-312526165,-867261382
2014/06/23,-2850097596,-574968547,4701989540
2014/06/24,-211828404,-892434864,3415311068
2014/06/25,1086408443,-136925100,3446205209
2014/06/26,1962891560,235970270,5480524970
2014/06/27,-454714078,-221457922,2953068575
2014/06/30,2137959194,488034864,6246950859
2014/07/01,2164990542,129718590,5248755792
2014/07/02,-130355575,532780754,8762033880
2014/07/03,2751141626,-421099330,324324353
2014/07/04,372629560,-511742241,-5176547627
2014/07/07,724818462,-90019023,4049252252
2014/07/08,984114430,-235794817,2676250091
2014/07/09,-1262339005,29755792,-1961024865
2014/07/10,2401299151,32491010,73472044
2014/07/11,-2896592592,-481044269,1017637034
2014/07/14,701632455,-327205900,-2472301107
2014/07/15,444432324,448053700,2814684483
2014/07/16,-995541741,-155725090,1231679334
2014/07/17,-769650915,-350396533,-2470406372
2014/07/18,1534505878,-368118983,1229477540
2014/07/21,635288133,151859053,-119400058
2014/07/22,4294528218,102050267,6677918831
2014/07/24,-1633422793,78595290,1666739952
2014/07/25,-2710341731,400161014,-1254900772
2014/07/28,1947485739,-828597614,2737773481
2014/07/29,-3657213632,-854747830,7974011291
2014/07/30,845517749,302771326,8391557352
2014/07/31,-1941739325,-3936281,-10414225017
2014/08/01,704224350,-312456441,1884870443
2014/08/04,1412564041,244134730,1103901975
2014/08/05,-3308482993,510569570,-17569787951
2014/08/06,-706654916,-338461980,5233606226
2014/08/07,-3141840318,284704742,-1399926364
2014/08/08,-544096345,183658230,-1456876372
2014/08/11,2281553412,781511652,-1774284008
2014/08/12,-806707492,641716378,-3417227301
2014/08/13,-526473334,229799253,7045426992
2014/08/14,-2274355473,580911781,-547469019
2014/08/15,983360036,-236421937,918092951
2014/08/18,388583667,-56633385,754920142
2014/08/19,468311312,592854547,6031738707
2014/08/20,496907812,583241100,5609546660
2014/08/21,-2906213779,256397295,1741270151
2014/08/22,3808902487,999616730,14365480790
2014/08/25,619869271,169426209,4711201115
2014/08/26,5126278706,492374911,3192213186
2014/08/27,4081004282,590728504,11679627349
2014/08/28,-5017246654,392084147,4069401773
2014/08/29,-2328212880,-508322357,4487743168
2014/09/01,-343478204,49861372,8497730884
2014/09/02,-3979604313,-259204586,-628287974
2014/09/03,-866282596,-494913628,7120666313
2014/09/04,-200044867,583283396,347517633
2014/09/05,-1624401887,12912996,1753144791
2014/09/09,-531988677,103374886,9424601161
2014/09/10,-624961114,-258743833,-10409861288
2014/09/11,-468497605,-250349216,-1493944963
2014/09/12,-2746134639,-10326386,-4599650566
2014/09/15,-1337846130,93524153,-1092165508
2014/09/16,-1803807409,-1326862,-7793818068
2014/09/17,1557000694,686826931,-3013120790
2014/09/18,274462022,163635072,-1042316160
2014/09/19,-366326214,247295522,-2992668582
2014/09/22,-3068879036,-87494666,-15086555350
2014/09/23,-454484330,-179229199,-6507525363
2014/09/24,17182521,235900798,-5656305443
2014/09/25,-2672117313,310253155,-5891210287
2014/09/26,163647543,-296888825,-2992388957
2014/09/29,45110455,547995387,-12465783850
2014/09/30,-708559527,-256501429,-4457969712
2014/10/01,240141194,681874111,-7278120148
2014/10/02,526303674,212311228,-6188579432
2014/10/03,853348318,764379964,4001686170
2014/10/06,-247778845,280322920,-4230644288
2014/10/07,-2065818154,-221438294,-591551879
2014/10/08,-1240642736,-222683938,-4609118222
2014/10/09,-2206976513,-467682314,-153405986
2014/10/13,-3913362233,-446240009,-8160827628
2014/10/14,-317391704,56523162,-2318296230
2014/10/15,-2397556511,-133515622,-3457550894
2014/10/16,1694868368,-278110062,-4930349208
2014/10/17,-4027258675,-162281243,-7121316068
2014/10/20,984229305,251933171,2504109273
2014/10/21,-193056996,700972590,-2407716063
2014/10/22,539142759,594006105,5370113145
2014/10/23,-372279920,334136738,1494904111
2014/10/24,-1275784703,-300988832,-5956255914
2014/10/27,-1100962804,-254697292,6087842273
2014/10/28,3387634777,-48048058,12238007314
2014/10/29,2999518402,1691031687,10062463022
2014/10/30,317324447,628208845,6407176686
2014/10/31,1524051698,-120770868,8108077491
2014/11/03,1285883584,690900718,7252719784
2014/11/04,648859790,296449084,7048108936
2014/11/05,-238798113,-460677465,2580359378
2014/11/06,-2133696372,-391527280,3817571419
2014/11/07,1386196850,-182523576,1793081918
2014/11/10,870291918,515482808,15861175122
2014/11/11,-381066020,105430549,5180998364
2014/11/12,-883106515,-345219940,-3817382161
2014/11/13,839468204,-48313153,3860456661
2014/11/14,198732938,117777366,2446129197
2014/11/17,-1118035041,-104284644,-5250220497
2014/11/18,-1905833249,-518242496,3137992538
2014/11/19,1417954172,145732950,13269650898
2014/11/20,2055171597,568705140,10143277703
2014/11/21,408438757,252242668,3558939212
2014/11/24,1006489507,336584815,5401317011
2014/11/25,1411250816,-23756191,3297817683
2014/11/26,934482088,21432312,3096356134
2014/11/27,1086476327,114593328,7431059568
2014/11/28,-14401799,577380465,5700712881
2014/12/01,163810561,183023892,-5483787428
2014/12/02,-1305995609,-1961994082,-8158226053
2014/12/03,3690904903,-71414723,-916089368
2014/12/04,1632599002,296075494,6842552341
2014/12/05,150433572,-150109002,-1457750800
2014/12/08,-505999455,-713798803,-3451387773
2014/12/09,-196095640,-1083890302,-3219065865
2014/12/10,-2654079382,-1273850614,-11341362871
2014/12/11,484400905,-669042512,-3838914372
2014/12/12,-770433667,-416055483,-4897404619
2014/12/15,56315334,-955763446,-4762893474
2014/12/16,-15352189,-818932222,-9838855254
2014/12/17,37157882,-774961870,-20630363362
2014/12/18,-1115627419,324131087,-7351820172
2014/12/19,-126629446,1025001226,8281027438
2014/12/22,2897582781,315989816,4206760769
2014/12/23,68999278,97955411,1332659701
2014/12/24,716767123,472155656,3163341774
2014/12/25,-368573357,-669659786,1418543292
2014/12/26,912352680,-81903746,2748671402
2014/12/27,616820863,73238758,-267853441
2014/12/29,784274209,147026185,10860467472
2014/12/30,-1050048090,15647333,2388476589
2014/12/31,-205428083,-872811587,1648103758
2015/01/05,2177244840,-43788658,-3195386497
2015/01/06,-2105143617,-609113026,-18069002510
2015/01/07,802264547,424439513,-3814108971
2015/01/08,894154615,518457106,8772234193
2015/01/09,7616375,481783322,-1316419146
2015/01/12,-622548071,3026557,-212861643
2015/01/13,86738308,56085557,2688575324
2015/01/14,-592229052,141541735,-6608805506
2015/01/15,38209637,14992050,-3584914169
2015/01/16,-2551834027,-200828111,-8198959553
2015/01/19,-2374153115,-76002868,8916831769
2015/01/20,812722918,4130520,8566959492
2015/01/21,-160981114,-56326079,17222844117
2015/01/22,845451483,624182708,11934796678
2015/01/23,912395880,211163954,21281617749
2015/01/26,207638129,202388065,9032698660
2015/01/27,297600854,109826654,13294431999
2015/01/28,881539593,-51766645,10193832470
2015/01/29,-2207587341,-1714589345,166107920
2015/01/30,-602824215,-592165911,-2884118482
2015/02/02,-380230182,-531039479,4352868686
2015/02/03,741997343,448038161,7654254881
2015/02/04,770193264,-174855810,10341646746
2015/02/05,-1828765972,-141869551,2252201455
2015/02/06,-1816055662,-45078150,1270238073
2015/02/09,-792842969,87747307,3267299569
2015/02/10,-474409108,-110175346,4431931411
2015/02/11,528421097,-668820310,7469981787
2015/02/12,-235720000,-203062591,8497106925
2015/02/13,-419772558,-7722401,12565156690
2015/02/24,977377603,586514857,11764360805
2015/02/25,-384759018,-258009411,14262920409
2015/02/26,509158850,-300785308,8422746559
2015/03/02,-94150697,-423747319,962199217
2015/03/03,-745841296,-456017290,3918989694
2015/03/04,161331810,-872323479,6320531444
2015/03/05,-1111734278,-544151198,-820515851
2015/03/06,1045917273,-266078257,3852378221
2015/03/09,-452475402,-293653549,-10715031470
2015/03/10,387017174,-164808219,-8689931382
2015/03/11,993175335,-787850004,-8214313795
2015/03/12,1980612202,-255211838,1478512540
2015/03/13,-134860923,90037928,-4972415618
2015/03/16,1109898096,-967645778,-7865494776
2015/03/17,-307918224,-442223883,353530327
2015/03/18,154883,-496322207,10671352110
2015/03/19,3668672460,-425977230,8516519722
2015/03/20,267836918,-597076750,-932193912
2015/03/23,1089115801,-755008496,2027869774
2015/03/24,317720484,-1144177962,-902204867
2015/03/25,-1686715266,-1312184146,-3305731543
2015/03/26,797942723,-1810109173,-11473392283
2015/03/27,-1391831531,-740118838,-19597120865
2015/03/30,-34316773,-907767451,-1435976220
2015/03/31,-230970335,-625981659,-2024515588
2015/04/01,-993394228,-636193754,-6822097536
2015/04/02,142388767,36263033,5265740833
2015/04/07,2075398325,-84054520,2023793875
2015/04/08,-170100975,-244260665,-6590828976
2015/04/09,783854569,-155345075,-1244991706
2015/04/10,1263782964,-697016119,3734675871
2015/04/13,1426446617,805812110,2467346810
2015/04/14,1045174200,-274255033,-3321590874
2015/04/15,-329281716,-400163407,-21623688808
2015/04/16,769473351,-535603275,10458509926
2015/04/17,-1405391918,-577914964,-3806062259
2015/04/20,-61178783,-710475691,-196041530
2015/04/21,-1112148504,-705907622,3383872289
2015/04/22,943912572,-117920075,6344819167
2015/04/23,4837866880,180979533,22326692021
2015/04/24,-687486393,-182635153,46479180727
2015/04/27,3608011723,-248090510,21572902662
2015/04/28,1541134164,152967856,10907857839
2015/04/29,-577073598,-784696721,7243804129
2015/04/30,758838861,-139984316,1600967605
2015/05/04,1151905921,534176176,2715198514
2015/05/05,-875183724,88714806,3687455068
2015/05/06,1081656952,-399437028,1725586174
2015/05/07,-1895030450,-323472750,-1403383953
2015/05/08,-1297807862,-250880318,2558380996
2015/05/11,-1812598808,-384322253,6290007209
2015/05/12,1159346501,133119827,3249437801
2015/05/13,1256368289,658576667,4162140346
2015/05/14,-3027164771,-101139571,-5717627959
2015/05/15,-1353982692,-376820815,721820255
2015/05/18,393841433,-539505701,9129735500
2015/05/19,2457162510,325320540,9783856665
2015/05/20,-1168597122,37272436,-1907476658
2015/05/21,-2463556233,-68372551,-12100394680
2015/05/22,1685807601,-200891234,2673726806
2015/05/25,1171859987,10082052,-2742953410
2015/05/26,-303732257,-277381790,4669978085
2015/05/27,827727137,97603554,2721495144
2015/05/28,593389250,-419196417,1214246474
2015/05/29,-1470538825,-194623682,-300405006
2015/06/01,-1594322681,-511072724,-9128038308
2015/06/02,-1031103606,-1005295391,-1791113125
2015/06/03,-1262093597,-649981705,-3057497590
2015/06/04,-5054073301,-753806632,-13073716150
2015/06/05,-113200809,-535647048,-9932492843
2015/06/08,2447418091,-653752934,-8876784605
2015/06/09,-2575965562,-316079666,-3582209803
2015/06/10,-35393676,465178536,-3511626761
2015/06/11,-1141389654,153122750,-8915935363
2015/06/12,314500650,-280696978,-4657766147
2015/06/15,-1114587562,-172771861,-4395015095
2015/06/16,-452784684,-193440808,-7437512398
2015/06/17,196099400,-331731115,-10499014640
2015/06/18,-824702415,34919141,-4833128675
2015/06/22,2142758574,159126696,3144303543
2015/06/23,-1159225913,738280348,-1298079209
2015/06/24,-204291121,88830080,289377494
2015/06/25,2958754748,406182688,10483657205
2015/06/26,-1380669956,274531196,2256423654
2015/06/29,-5459092407,-19847790,-7113255766
2015/06/30,-410746840,70219965,1195345453
2015/07/01,881435866,900702801,1431128244
2015/07/02,-2089052855,237553478,-3139084388
2015/07/03,-4094438045,-688942730,-5678036947
2015/07/06,-4557111654,-25691694,-5579488404
2015/07/07,-2228665900,-327502059,-257467524
2015/07/08,-5343793814,-1040178854,-15341881381
2015/07/09,-876256430,-832655974,-13236830160
2015/07/13,3270758233,11914585,-3214793625
2015/07/14,-2523611769,615857312,-143837060
2015/07/15,-1838354577,550919397,1874463945
2015/07/16,404075210,355583660,1244897330
2015/07/17,-749636280,362075353,3397781327
2015/07/20,-1473484068,369631189,3278502629
2015/07/21,284647709,4267448,5164947304
2015/07/22,-1322892997,484685238,-3287061283
2015/07/23,1558873783,-16450513,-5933857044
2015/07/24,420005939,21875098,-2859208752
2015/07/27,-3825831697,-58096431,-3402102749
2015/07/28,2139816647,537165471,-4581197950
2015/07/29,-1527481098,535626160,-2361893895
2015/07/30,712354237,1036242787,857854144
2015/07/31,-3333926906,447794726,1092539820
2015/08/03,-1981390045,252556377,-4724614590
2015/08/04,1649771898,379086872,3186406831
2015/08/05,2363195730,428799290,432616525
2015/08/06,-1638591115,255882580,-2845445763
2015/08/07,585106391,382384800,-877964030
2015/08/10,1625429059,540874176,-1370517019
2015/08/11,-2909137928,407446750,-2987181882
2015/08/12,-140231174,-419924360,-8768170353
2015/08/13,-98538999,-121200089,-1394473056
2015/08/14,42707169,261468680,-2251371947
2015/08/17,-2285927757,221270030,-2069727235
2015/08/18,-1185103431,-180048852,-128539871
2015/08/19,-2246416218,-446650273,-6062823470
2015/08/20,-57549178,111225155,-5688434235
2015/08/21,-1935498754,-653189363,-7289308102
2015/08/24,-1758953838,-570682386,-6595888377
2015/08/25,394181981,571946411,4153132212
2015/08/26,-2367777306,287689433,-9157371255
2015/08/27,-1771788625,555579624,-6476234889
2015/08/28,449477139,-44155201,4210421982
2015/08/31,-1072563558,-428496551,-361643276
2015/09/01,197982593,-255528977,-5393100004
2015/09/02,3977904440,1406640,98074826
2015/09/03,-2933328675,567348844,3458633172
2015/09/04,-1705888785,-480274208,-3745647922
2015/09/07,950992616,-754971353,-2111310691
2015/09/08,-355654206,-427201442,-3199627535
2015/09/09,4186719035,851150051,21382757100
2015/09/10,-288111782,-267971360,2024354188
2015/09/11,-399633468,-141822956,-483823206
2015/09/14,-1402366051,-214051361,1282990090
2015/09/15,244583147,-178983329,-1618916177
2015/09/16,-1214673432,-626493773,4033397738
2015/09/17,2435074911,-181125304,11884548311
2015/09/18,-1698593103,-543592089,3303071625
2015/09/21,-2521260128,-684040728,-10995178392
2015/09/22,1408817913,-431007213,729606009
2015/09/23,-2479584378,-295079685,-15684081404
2015/09/24,-1453662968,-396510703,-7302879064
2015/09/25,-5682744,-53588986,-3557808112
2015/09/30,-181193076,-270802881,-309159745
2015/10/01,1322475629,-185997508,3239270208
2015/10/02,224122676,169705594,-1007319841
2015/10/05,925634517,571466067,-2955978651
2015/10/06,-386954115,564916869,2556355894
2015/10/07,899803333,255376042,5553114362
2015/10/08,-2596473700,-688680949,1487107029
2015/10/12,1523961907,439282234,9662814205
2015/10/13,-1386422898,254351452,2385886834
2015/10/14,35371636,281183632,-1685960392
2015/10/15,-363336856,229238969,11138834622
2015/10/16,-112927117,91323505,4797955862
2015/10/19,-143251200,122121502,5904673024
2015/10/20,-1323858676,-528768067,5112034091
2015/10/21,2228249318,-225826290,4006241149
2015/10/22,-564972983,897680,2291279875
2015/10/23,110156226,522828816,10053175011
2015/10/26,499312853,446283589,11260087899
2015/10/27,-2888446430,-538291787,-233070310
2015/10/28,250986715,345225760,-1255288656
2015/10/29,-2400251564,-112427197,-5595813777
2015/10/30,182159878,-491777114,-397866530
2015/11/02,748119707,-381419822,3882144105
2015/11/03,-764381108,-217675991,10584028757
2015/11/04,1016339965,1038937460,21772092141
2015/11/05,7196214125,24855282,4536496269
2015/11/06,-1502982764,-951052237,-14669288107
2015/11/09,1245516192,-1269471773,-2855439337
2015/11/10,-922557985,-534260658,-11818560284
2015/11/11,-3804283214,-508589153,-12356649939
2015/11/12,-2408879141,-711478906,-6498837293
2015/11/13,-239591847,-70961304,-11606785342
2015/11/16,-24100187,-183608684,-9417663473
2015/11/17,576184238,190758537,1328641087
2015/11/18,-2155431822,-133170975,-7219960375
2015/11/19,-405049115,-122731384,2790389444
2015/11/20,341118955,-25164742,1177461150
2015/11/23,174915189,-322446619,2939608102
2015/11/24,-2529053928,-334021509,-1087037200
2015/11/25,-120187997,-329407296,-1680423640
2015/11/26,1007103372,-129792855,9619195214
2015/11/27,-2489963879,-417585006,-3302185417
2015/11/30,-2236309598,-588706818,-19291193266
2015/12/01,1014907367,-241816307,8530430234
2015/12/02,2024692797,-627131305,471989729
2015/12/03,2197541357,-683322047,-185517074
2015/12/04,-1002328986,-303229513,-9638130025
2015/12/07,-180894425,382063535,6156876462
2015/12/08,-1896253357,-208834486,-11433970200
2015/12/09,-159881540,-760808755,-8935660463
2015/12/10,-930825700,-301824827,-11845319779
2015/12/11,-2806128662,116949318,-8594711565
2015/12/14,170234684,-152009843,-5411334887
2015/12/15,1203948579,-601175547,-5514670100
2015/12/16,270486740,-411289678,4112351225
2015/12/17,3032681134,484346548,7474683631
2015/12/18,1540939154,91856601,1045831055
2015/12/21,3031594235,-419915868,-1667585007
2015/12/22,-928419764,197181260,1556641402
2015/12/23,1257688171,193612519,3806507212
2015/12/24,-877200196,232364007,3006540716
2015/12/25,525610854,212978702,2086688296
2015/12/28,-901924832,155353478,1531044373
2015/12/29,-859600043,-132434176,-988916553
2015/12/30,-1314200880,-830434287,-3480908247
2015/12/31,167425913,-1465172160,452642162
2016/01/04,-3135342393,-385511829,-13936840078
2016/01/05,-499793936,-85584306,-4206204605
2016/01/06,-759353301,-1101556021,-4883790037
2016/01/07,-1066700216,-638231235,-12043094298
2016/01/08,2161375125,-371554162,-4936331692
2016/01/11,-2670233992,131386956,-9839111036
2016/01/12,-2080041607,724733035,-3186113400
2016/01/13,-1271251843,-24548635,1149547325
2016/01/14,-1434300718,-253149232,-3741784101
2016/01/15,-2513618398,13928362,-7240813582
2016/01/18,1908037701,-238336553,-2823236341
2016/01/19,1697601939,-66333423,-5139195843
2016/01/20,-3370960845,-8682626,-7910209645
2016/01/21,-1094500449,356272175,-2422409929
2016/01/22,-2242580403,-203979106,1656348127
2016/01/25,1185226278,397266130,5919953501
2016/01/26,-999987279,158798463,-4617812550
2016/01/27,-1630961338,-285527152,-145764773
2016/01/28,556149192,-219107468,5004171031
2016/01/29,2613388098,481771764,11347193393
2016/01/30,1500855136,552045131,2512832084
2016/02/01,-3150115598,-215746532,6834245227
2016/02/02,381918315,-546399956,4060121004
2016/02/03,-2518296085,-353149492,-1752947004
2016/02/15,242164787,-782484342,-3055023519
2016/02/16,1923052987,134216034,9065097918
2016/02/17,-180816348,265134068,2305038983
2016/02/18,218576751,292057826,10682243122
2016/02/19,-658240090,-379667276,2489458817
2016/02/22,68182898,9080839,2751237331
2016/02/23,-1681458855,-2961594,1234030347
2016/02/24,-2329324303,-651233704,-711623928
2016/02/25,-1252527715,97247167,7515658602
2016/02/26,-953086449,405036995,9140527904
2016/03/01,-288800720,120443060,3332702712
2016/03/02,2063855636,-15285706,7679504926
2016/03/03,-1746775075,-378603907,14470384991
2016/03/04,1171891858,26874493,6626965744
2016/03/07,-1133445015,-245778475,5941785546
2016/03/08,-1627918014,-424448219,4866156828
2016/03/09,-179384370,-673033153,2863551114
2016/03/10,1230047030,41888977,7654615728
2016/03/11,-1768298717,119436226,11438264635
2016/03/14,1206156932,54796592,9161022304
2016/03/15,-5865937748,-678204835,4504233798
2016/03/16,2962575061,-530488118,12418714904
2016/03/17,-1391593212,-6900340,14324918820
2016/03/18,-1072659584,-52582954,17329188088
2016/03/21,-342164503,15852736,4531467731
2016/03/22,-3358345322,-649883989,3662974104
2016/03/23,-2559951562,-340928559,3502870326
2016/03/24,-648925244,-618862462,2404330645
2016/03/25,-325337254,-364661014,-3652703419
2016/03/28,-820314161,-973096217,2866786056
2016/03/29,-2527755842,-682438125,3851491353
2016/03/30,-287614490,-473022895,14721382731
2016/03/31,-870928961,-133886078,5564608409
2016/04/01,-978316843,-242318369,-4529536954
2016/04/06,1254517540,-524516811,-6774244025
2016/04/07,-1797161345,-853100546,-6211997544
2016/04/08,-1302117563,-849080352,-675617351
2016/04/11,1048913206,-318282251,-266024600
2016/04/12,-2570012307,-944968195,-1182978652
2016/04/13,1648882602,-20864417,16451491247
2016/04/14,-1540366805,194607860,6489858094
2016/04/15,-979375648,-513730328,7715621700
2016/04/18,-935066735,25675965,607451611
2016/04/19,-1233220422,-397063536,-502048508
2016/04/20,-882271009,-240882940,-1013369978
2016/04/21,2348452581,-250594920,7360566886
2016/04/22,-26705562,-92006230,3680348012
2016/04/25,142963996,225634067,3995953930
2016/04/26,-18347853,7292180,3083330428
2016/04/27,1371700359,91993359,73789218
2016/04/28,-1141906806,-54545560,-6484498535
2016/04/29,576288541,-680948907,-6062162079
2016/05/03,1683324779,-427706100,-12625813084
2016/05/04,-364407643,-216842212,-13691973478
2016/05/05,1106228325,-623627991,-10724090158
2016/05/06,184455820,256385184,-13806495600
2016/05/09,-839234630,69017595,-7211082229
2016/05/10,2079372156,364013862,-3943080878
2016/05/11,660925335,726161807,-10105052550
2016/05/12,469228518,81526219,-3289675769
2016/05/13,1284730733,61731063,-14089784894
2016/05/16,1243286522,259981630,-2971343359
2016/05/17,211784142,240069085,-5032302423
2016/05/18,-202354702,-220289042,-2411401161
2016/05/19,737286345,-542882915,-8399418248
2016/05/20,-275983769,77742382,-95562298
2016/05/23,2691708559,1266378720,8485417778
2016/05/24,-848642350,283568982,-1055312509
2016/05/25,1264265070,204734291,3337550529
2016/05/26,5110757,95225917,1657636192
2016/05/27,-43456796,305638928,4571507026
2016/05/30,783337222,-245127720,13914848571
2016/05/31,1054109299,-212686072,3556272257
2016/06/01,-1367595857,-304930619,9460641477
2016/06/02,-2895169430,-272942588,6746629606
2016/06/03,-1890713481,-351926252,8965204179
2016/06/04,-4149950,-834436260,564218179
2016/06/06,-1591715464,-121560081,5081561038
2016/06/07,-2503944406,-74558288,15008507853
2016/06/08,-2371047888,90033920,12946483372
2016/06/13,-445668421,-551516264,-5443512460
2016/06/14,-71487820,-439531165,2869494598
2016/06/15,-2603227062,-550893976,4124146668
2016/06/16,-692338881,-369738728,-8597362643
2016/06/17,-1133675110,-404862683,5923596252
2016/06/20,220841384,-22651317,4267319223
2016/06/21,676363148,241966670,7807532107
2016/06/22,-65029022,276555542,5268538829
2016/06/23,-917567124,289330733,3459935160
2016/06/24,-1380142138,-202103408,-13023451674
2016/06/27,-139573156,-130059476,-1411396628
2016/06/28,419782183,49455263,1681174987
2016/06/29,527469181,861173666,6315172293
2016/06/30,-1835025906,487663100,10120411612
2016/07/01,-2556397246,15970052,12619131186
2016/07/04,1522667042,153091064,6222393810
2016/07/05,-168164187,-299164005,-417278842
2016/07/06,-376900061,-381813571,-14750361510
2016/07/07,-390262991,-113852733,2399904492
2016/07/11,-333144795,455370240,14563819737
2016/07/12,-782176700,355951135,12453851127
2016/07/13,897125111,334110160,9408842359
2016/07/14,-1096266419,155779314,7069172301
2016/07/15,-539120856,343137793,14973704581
2016/07/18,284319621,-139213890,14819789118
2016/07/19,-879289730,-360842120,17202442213
2016/07/20,-578133039,-450921661,12718146170
2016/07/21,985184078,-65983045,16025558574
2016/07/22,-1617071306,110648346,5178646734
2016/07/25,-1305459415,507402485,5888046148
2016/07/26,321418571,-95175942,11848095033
2016/07/27,-840293088,46746260,11089350755
2016/07/28,-1192451509,-215043243,9693053321
2016/07/29,-758670462,-243773283,-1321109827
2016/08/01,-1532439603,390844833,12577478702
2016/08/02,-859924398,-322135054,3555769376
2016/08/03,-313824550,-331455100,-2556582548
2016/08/04,-2179568136,-223380568,1745126397
2016/08/05,-2218247437,-478989397,12026451478
2016/08/08,-148801848,219699440,5699390630
2016/08/09,-2183373263,-484648790,6583482587
2016/08/10,-1110458771,-36031735,6872799910
2016/08/11,-1593547355,-502686470,4178375699
2016/08/12,524966540,-919861313,4611556075
2016/08/15,2196539470,27170350,3461882221
2016/08/16,-2854085486,-56650777,-394988809
2016/08/17,-3248220627,-137547010,3661472982
2016/08/18,215026612,-86713931,4603194403
2016/08/19,-629640687,-1014696392,-3845229431
2016/08/22,853687490,-932940664,-2582167728
2016/08/23,1664621032,-446075473,-115919331
2016/08/24,-369282582,-85732220,-348722856
2016/08/25,-254242644,172064371,7951599315
2016/08/26,966590635,-32377142,3497775617
2016/08/29,789172388,-511263613,-39639901
2016/08/30,686522921,233788208,1571660532
2016/08/31,-1185117988,-237051805,-1680522135
2016/09/01,1288126792,-207827927,-8708379409
2016/09/02,-6155480165,-28654976,407295648
2016/09/05,-523026120,348593820,8173994174
2016/09/06,-1103561989,-41115133,9419821546
2016/09/07,-623764751,523252411,5675117623
2016/09/08,-554469263,-182503504,1802687797
2016/09/09,139992269,-18390502,-7582464886
2016/09/10,-2265880989,-519544840,-5981657072
2016/09/12,432402365,-552975538,-15023842571
2016/09/13,341372252,-370867086,-7360565504
2016/09/14,-511175838,-52807837,-6886579282
2016/09/19,-774711777,208621779,11122038286
2016/09/20,-1078870113,302247426,941123213
2016/09/21,-2102092050,-22374245,6927268238
2016/09/22,-1048224823,346066174,2177452451
2016/09/23,-865436979,70444564,4765612791
2016/09/26,-583393241,-143788861,-3054337646
2016/09/29,-1379899327,-38736797,13341764000
2016/09/30,-32564791,15285864,-7671865946
2016/10/03,214358124,-33919925,2755761537
2016/10/04,142260423,-839906764,4302730773
2016/10/05,401586765,-260870383,2295777472
2016/10/06,154215819,-223770146,-1780448278
2016/10/07,-237246055,211188498,-1676134211
2016/10/11,-694746452,-196532263,2449494894
2016/10/12,201819411,-232628176,1407219124
2016/10/13,-93952865,3479530,-6564588863
2016/10/14,-553734748,-266092307,-2987969949
2016/10/17,863175390,-211075368,-716466096
2016/10/18,571281026,-30982856,2755928275
2016/10/19,285739717,509459654,6016696883
2016/10/20,-15353272,764773279,2780299706
2016/10/21,-300750575,358695898,-1066662879
2016/10/24,1844293402,301045703,-430311459
2016/10/25,402443623,257920494,2580393645
2016/10/26,-139223757,101490486,-2307252125
2016/10/27,385272270,167734987,-8050663357
2016/10/28,-688785206,-20479898,-861122665
2016/10/31,-274669593,-53932186,-2761788120
2016/11/01,-264642938,-347685023,-2525677252
2016/11/02,-178420384,-356699487,-5158860390
2016/11/03,-456292076,-1255054103,-3951616489
2016/11/04,311557289,-146795913,-4705579069
2016/11/07,972974670,508347051,-3744818922
2016/11/08,-168949825,247390111,2201755382
2016/11/09,-2788222654,-362989159,-14423054997
2016/11/10,2968724084,619156015,-424578104
2016/11/11,996133830,-391737368,-23960093755
2016/11/14,1322062778,-284532438,-14840941400
2016/11/15,-275528652,507979932,-12531573435
2016/11/16,482655323,172719343,-8236708295
2016/11/17,-667802811,240193203,-4146983504
2016/11/18,745270667,456778457,-6128604018
2016/11/21,2441152884,479291353,-2181230437
2016/11/22,1618105370,327782356,4194581333
2016/11/23,1047851162,56036519,2086110732
2016/11/24,663365506,214463698,-3848180565
2016/11/25,514996256,62813603,644108220
2016/11/28,-54234629,227609342,4502394048
2016/11/29,1054784332,290675883,-40510580
2016/11/30,-1259883507,208126839,1024599347
2016/12/01,922038020,-30634642,960123180
2016/12/02,-684088094,24299996,-9983147438
2016/12/05,-465132401,82996713,-6150379918
2016/12/06,230620760,156365258,6677877553
2016/12/07,-393217594,12559685,1831689964
2016/12/08,-603759865,333443820,12586901069
2016/12/09,1119336170,-69348122,8180279471
2016/12/12,-832760171,-166998578,53618538
2016/12/13,-20130479,46645317,3419065326
2016/12/14,-756271326,367341711,732884707
2016/12/15,-1750741633,-142443509,1426230966
2016/12/16,-1162918422,322652045,-1425091409
2016/12/19,-740563629,-470297348,-2032876938
2016/12/20,-42377031,-416128227,-1919977071
2016/12/21,1411743269,259562575,-5500425337
2016/12/22,-254088959,-212415310,-7289669089
2016/12/23,-176506235,-365651759,-6485093834
2016/12/26,-192200153,-335875899,-1137087542
2016/12/27,287957198,179770953,-655914306
2016/12/28,-353408334,197272484,3435567158
2016/12/29,103959328,-88508666,-1660770670
2016/12/30,-788436343,315494310,6879136861
2017/01/03,1102034799,-105890452,-107001734
2017/01/04,254573520,264563180,71014776
2017/01/05,821191576,359568711,2857048996
2017/01/06,-293799542,744573389,2582525386
2017/01/09,-510555496,-118385587,984304505
2017/01/10,-1366952237,19906192,3283048102
2017/01/11,-708794346,-395685565,3646643311
2017/01/12,-1204949164,-42941310,10388910776
2017/01/13,-141605600,25411570,1074725795
2017/01/16,-442344818,150032951,-5833415135
2017/01/17,46284453,-111357575,3418195093
2017/01/18,-183976893,43927120,1998892406
2017/01/19,-368660284,635730860,-3069157022
2017/01/20,-380283876,808778520,2202219097
2017/01/23,-407350371,521016961,10187127207
2017/01/24,-989877236,240270025,12314451633
2017/02/02,1093146119,335635231,591075653
2017/02/03,339863879,-85026917,-5234589324
2017/02/06,1305173683,122708009,2058272440
2017/02/07,-434261413,-374209799,3256749294
2017/02/08,-391780897,140943238,-6093235054
2017/02/09,626750508,344990571,4121837971
2017/02/10,1156892478,494181520,5629637166
2017/02/13,850162103,109211800,4443338995
2017/02/14,-47322892,35806606,5604061724
2017/02/15,161076607,-47976743,13002266906
2017/02/16,-779039713,-283213017,3309023518
2017/02/17,852410866,-1113903849,1656185526
2017/02/18,427081122,-86939440,937382441
2017/02/20,-232185191,-480062310,2200133213
2017/02/21,81882268,-322673540,7715910322
2017/02/22,1083679522,-178333526,2827634738
2017/02/23,-211399789,-363451169,4889552415
2017/02/24,290360943,-319464150,-1615863512
2017/03/01,-218219463,-80548584,-3897526568
2017/03/02,-97789462,-399818406,2755433290
2017/03/03,-365647790,-504009035,-4993597804
2017/03/06,727043087,-355542407,-1229140925
2017/03/07,699812565,535323746,1377314154
2017/03/08,278873197,224232410,1251402820
2017/03/09,-761235058,-532092449,-10614614969
2017/03/10,83462180,-424305278,-4989175473
2017/03/13,38963187,219946343,5672434779
2017/03/14,-107450446,-196902679,8550185721
2017/03/15,-143675605,-206313190,-200822152
2017/03/16,269165228,488664518,12580962506
2017/03/17,-118540770,100128558,13569651488
2017/03/20,513115232,113882873,2835626528
2017/03/21,-514933286,-135687591,15976151021
2017/03/22,-1140630309,-530220081,739421695
2017/03/23,83990068,-295734189,3840197296
2017/03/24,-1289901142,-349285388,2036895943
2017/03/27,-1960735286,-484655445,9466277354
2017/03/28,-1993770622,-782978173,12157348043
2017/03/29,1291119865,285162679,2781066053
2017/03/30,-182843831,107139572,2196361682
2017/03/31,981662503,-217519324,-1503448920
2017/04/05,2409176141,-258348292,11463803320
2017/04/06,55902672,-592145332,-325250915
2017/04/07,374108735,-586039243,-4487486189
2017/04/10,772608380,-428414379,-1170969385
2017/04/11,-1065198826,-594775699,-529871955
2017/04/12,684362663,-660387725,2885717587
2017/04/13,363656128,-403140597,1066680550
2017/04/14,-541698907,-709943897,-1575323763
2017/04/17,-587983961,-344543832,29412180
2017/04/18,177024915,118446437,106396918
2017/04/19,-797808386,-282029370,-10969285042
2017/04/20,-51058427,-780790915,-583891703
2017/04/21,-69025899,99277761,2517411940
2017/04/24,-545618970,127457550,2532195247
2017/04/25,1403230235,-143124937,13071655853
2017/04/26,463284028,-49623754,11153019520
2017/04/27,-731766559,-139052440,3640472801
2017/04/28,-1034595364,325111396,3277781550
2017/05/02,385710794,-44014611,11128969914
2017/05/03,-1212128215,-7617404,7045795964
2017/05/04,-449575314,203533550,4953207194
2017/05/05,-2030894555,-102788140,-939481878
2017/05/08,-1038112858,-179602656,6057792651
2017/05/09,-2808922470,-263916878,5606289142
2017/05/10,1697768173,-172341747,5161784938
2017/05/11,-490592908,184222770,4070123440
2017/05/12,1617323374,219691691,1711099516
2017/05/15,1843972073,923742572,665033651
2017/05/16,120154781,2508493081,747005409
2017/05/17,-736357658,-305296162,953700584
2017/05/18,649788682,-158170194,-3860437353
2017/05/19,1103086809,-432452435,-1272804909
2017/05/22,918828003,-96100964,1108804124
2017/05/23,2802701250,254270450,2974682157
2017/05/24,1453057871,136716718,1087134483
2017/05/25,3981767461,-527405030,6171432314
2017/05/26,-439336292,-797434979,1633913357
2017/05/31,1105589544,-308639900,-5197896182
2017/06/01,985364527,-390609976,2566409167
2017/06/02,1397958999,71845590,4278887059
2017/06/03,912264391,-663580640,64460014
2017/06/05,1333054027,-440151826,3896553278
2017/06/06,-1065736393,-435727950,902747752
2017/06/07,89892019,-521801767,2300992023
2017/06/08,-85118748,-225664925,2500234840
2017/06/09,37172559,-790199050,-3377156998
2017/06/12,1284259430,-392815053,-13822226237
2017/06/13,217071864,-269840443,-8384513876
2017/06/14,-2468910985,-440740323,-2098204444
2017/06/15,-127852117,-560984020,293708509
2017/06/16,819460583,-497179961,2818222947
2017/06/19,1626657512,614700622,2509867503
2017/06/20,-346583829,275770597,1403470112
2017/06/21,2653415542,185443381,2459516966
2017/06/22,2939857058,43985437,2868081717
2017/06/23,1233970056,-277757234,-2927059096
2017/06/26,1558809757,49503257,17143653702
2017/06/27,2878443678,-462307660,109749434
2017/06/28,863641718,-697160846,-1292005302
2017/06/29,-493842321,-699254078,4089971411
2017/06/30,770317914,-1755255359,400694746
2017/07/03,436408091,-496983850,-324858643
2017/07/04,-144690248,-545152923,-4395780455
2017/07/05,2803985603,-415722365,-2225654379
2017/07/06,-135167563,-118793614,407066
2017/07/07,-1148095743,-825635749,-6245876825
2017/07/10,554120955,-183871200,-2142219868
2017/07/11,1741909542,-174825005,11195477696
2017/07/12,1815096494,904389875,3083694866
2017/07/13,-2128246817,-215283002,942737271
2017/07/14,-58168436,-179729574,-2102534169
2017/07/17,1221399251,-384723851,1076776567
2017/07/18,-942323604,-769700780,1070346457
2017/07/19,-1126074528,20910175,4199000604
2017/07/20,-365138968,-1011878870,-1213067098
2017/07/21,971543498,-862190623,-4793986969
2017/07/24,693035054,-748201926,1226358443
2017/07/25,776091311,-375403220,458267334
2017/07/26,-1436041630,-321496543,-2468842218
2017/07/27,706776788,-777693796,4976267111
2017/07/28,-1592241479,-610736634,-6337839269
2017/07/31,328290272,-467647894,-1212308511
2017/08/01,2294198163,-617515230,287983808
2017/08/02,208237051,-50082784,8698393260
2017/08/03,-1074733705,-1138141460,-5620820183
2017/08/04,-53823387,257531418,-1945247185
2017/08/07,1193824707,739709095,-523046317
2017/08/08,-1643279219,67965604,-683359280
2017/08/09,-2550685193,-357350988,-6951214401
2017/08/10,-2884919341,-416506830,1271297772
2017/08/11,761940040,-589382040,-9084922700
2017/08/14,-2939659653,-538922760,-1924112000
2017/08/15,-642627792,301147024,1995899628
2017/08/16,-1176235519,878208679,-4566782821
2017/08/17,675573796,257503770,3146146246
2017/08/18,-184263042,-166332717,-4804836241
2017/08/21,531186554,49726006,-2550093923
2017/08/22,1599548788,461844410,3948838164
2017/08/23,-2228044168,579902890,498193304
2017/08/24,1280566915,-14086938,7824190380
2017/08/25,1373989810,307874328,5893304109
2017/08/28,822725433,-63819366,-1718115112
2017/08/29,-1105579191,-120081729,-4219207271
2017/08/30,-1013941450,-78956660,3269896335
2017/08/31,-921278273,-1134025132,1359225240
2017/09/01,915759369,-589369181,885640723
2017/09/04,105655091,-496169541,-1739785613
2017/09/05,455054831,-447423837,-315002317
2017/09/06,-2489353234,-815782607,-4083890089
2017/09/07,-820412562,-1224896874,-2471081304
2017/09/08,604929510,-838687271,3570358476
2017/09/11,-1777337097,-267676756,-3598357881
2017/09/12,337832181,-118925724,-3165664165
2017/09/13,-1065332325,-422144605,-9135466024
2017/09/14,804778535,-208964532,-2561663896
2017/09/15,176230414,349124107,-861043506
2017/09/18,1771949163,548964225,2999954405
2017/09/19,-2583212879,155981675,-6021784843
2017/09/20,-4149104557,-586860896,-3895423689
2017/09/21,2020602932,-557546553,-5251611978
2017/09/22,-3260426460,-492877682,-8469947390
2017/09/25,-1096420570,-1308826844,-4185338125
2017/09/26,-407719630,1314809514,-8192954380
2017/09/27,857027847,592561886,-2061429831
2017/09/28,-429748503,209330561,-8273836274
2017/09/29,-285593104,-628648586,4475072390
2017/09/30,1445108745,372067350,321813569
2017/10/02,1744807874,168393250,1193080932
2017/10/03,-48549756,162122109,-3872375383
2017/10/05,1362311150,-212478270,3690571255
2017/10/06,-301429534,-59320123,3027192550
2017/10/11,-782670540,452295194,9531538728
2017/10/12,1097349628,209647268,6284264326
2017/10/13,829674556,418789644,2645050283
2017/10/16,978104346,274136726,4939718429
2017/10/17,-1856772691,201607839,338916629
2017/10/18,-1989280350,-286914967,3509440744
2017/10/19,3361371190,-301952766,5501199921
2017/10/20,1007298272,261663656,3264874391
2017/10/23,436380933,-5623672,785937765
2017/10/24,1887514365,-210468900,761661799
2017/10/25,235493988,5566650,407190463
2017/10/26,2094110905,30038768,1141032398
2017/10/27,-2585179092,516003257,-1030401301
2017/10/30,998753785,221961836,3438297788
2017/10/31,2479948317,-141602329,-1444310031
2017/11/01,839751323,216171398,-1608971097
2017/11/02,50247545,-302792931,-1160384422
2017/11/03,1247484600,22596395,-370811250
2017/11/06,-38475080,556811780,-3023562770
2017/11/07,1554762294,-271954712,554238299
2017/11/08,424674453,-27960283,-3314180417
2017/11/09,-3363244213,-597982007,-3141333499
2017/11/10,248123909,-983132733,-1757938467
2017/11/13,-867038648,-199219661,2903638658
2017/11/14,-51374044,-98495506,741998008
2017/11/15,-1729463685,292738545,-13165739474
2017/11/16,1864216710,35077236,-1854289974
2017/11/17,1425314778,409762964,2538871546
2017/11/20,565641455,-355798179,-2366031983
2017/11/21,4527394856,-227175003,7656612221
2017/11/22,1763904257,1296821851,8462036719
2017/11/23,333825123,-66820360,1750335361
2017/11/24,-926351656,-210353500,-3059591845
2017/11/27,-1914262069,-621094498,-8288538861
2017/11/28,-341294431,-1461527255,-8589640498
2017/11/29,-234653136,-205774190,-6680572665
2017/11/30,-1376751220,-1619420468,-13685550803
2017/12/01,-3127216070,-801316049,-7687429646
2017/12/04,-302239520,-943266951,-1416163087
2017/12/05,-2125257358,-1356887237,-568247428
2017/12/06,-3236881783,-490168784,-11037707510
2017/12/07,-1275536302,-859505675,-6755812009
2017/12/08,221827238,14663055,-2368583080
2017/12/11,1996980182,587081918,-3775174033
2017/12/12,-1481897107,497385830,-4910990223
2017/12/13,-151164284,209930332,-1237924424
2017/12/14,-471230182,244782666,2977751214
2017/12/15,-2990105028,-146756178,-4280447060
2017/12/18,-178837230,1015915590,-126160633
2017/12/19,830527660,771833227,-5323157962
2017/12/20,427393268,69393252,-74499827
2017/12/21,919752051,281079131,-2458203790
2017/12/22,-418483504,194603647,1233299639
2017/12/25,-708986660,-113645473,661542573
2017/12/26,-3244529010,-631996086,-2518725396
2017/12/27,351044708,-17188199,2575842749
2017/12/28,500102367,393587690,6502199793
2017/12/29,229829373,720530613,6560635755
2018/01/02,2977531355,-74245611,8648245117
2018/01/03,3186212035,999578570,3725762356
2018/01/04,1837874109,-141653974,5474260013
2018/01/05,1635745445,-334919686,3480267389
2018/01/08,-13328966,934560469,5009518003
2018/01/09,232345291,476122297,-1121448341
2018/01/10,103542032,526507075,-3220958613
2018/01/11,-776314058,286833445,-1613195488
2018/01/12,2020063568,411612338,-181008560
2018/01/15,3077311885,375150905,2426356757
2018/01/16,2062263661,466621457,3680450416
2018/01/17,-223800768,-30256355,11076438027
2018/01/18,321547976,-1062916737,8672512678
2018/01/19,715245490,-870471694,8617355320
2018/01/22,72218999,-377002269,2554998464
2018/01/23,365688241,-343119387,5162810185
2018/01/24,545297205,-551457011,3523203831
2018/01/25,-2256948570,-149495537,5814233621
2018/01/26,611397955,-1914861281,2135612278
2018/01/29,-325533950,401188432,2012535961
2018/01/30,-2037498730,127700459,-2646366968
2018/01/31,3030747584,-421710015,2508949548
2018/02/01,-113046559,-175329912,1378384597
2018/02/02,-444172851,-311314662,-440378970
2018/02/05,-1996142687,-450250074,-8343955637
2018/02/06,-2269216788,-832247782,-31335752999
2018/02/07,-2385520736,1888782441,-16641069594
2018/02/08,-2952255486,-677582417,-8429517878
2018/02/09,47323135,-370272829,-18779162841
2018/02/12,-781962645,293698282,-19377018634
2018/02/21,1711046503,406891598,9213624112
2018/02/22,-390346266,16901748,-6883185864
2018/02/23,576738458,698012988,2124096455
2018/02/26,-1249232,783389279,265150805
2018/02/27,-2162357411,528322846,-2091886051
2018/03/01,-1294383395,-226238284,-2879938261
2018/03/02,-220902725,69037419,-15576291321
2018/03/05,-2105432270,-194815655,-10213111395
2018/03/06,-680832019,-237592236,3731379898
2018/03/07,356170969,434020542,-630449036
2018/03/08,977255692,-259007415,-951890637
2018/03/09,1337646268,274842930,-1980492300
2018/03/12,1414434137,250640550,12371173652
2018/03/13,-286637591,-175829824,7684719574
2018/03/14,-750783530,-236947959,-8318811439
2018/03/15,-814899020,-710077744,-2057128118
2018/03/16,-1225285193,-64631503,1564145407
2018/03/19,-832479226,-333054900,2282913362
2018/03/20,-168970112,-631479458,171970438
2018/03/21,1227971064,193207669,-620928986
2018/03/22,-4992787538,132039283,3142322240
2018/03/23,-4776138587,-768696810,-6263326706
2018/03/26,-2040291302,-779553151,-8906162592
2018/03/27,-1069858448,-314013815,2542341524
2018/03/28,-5311791469,-515339923,-9419925194
2018/03/29,-628229783,-526828380,-12505706553
2018/03/30,276767824,-451886027,1956930179
2018/03/31,-269764461,-44465738,-64563833
2018/04/02,-1119183734,-273815580,-2109443490
2018/04/03,-989144960,-764200900,-8902878731
2018/04/09,72624999,-21971204,-962832954
2018/04/10,917778594,-105715333,1748196307
2018/04/11,1586069137,66357131,-602923155
2018/04/12,-643362664,228158660,-6531309925
2018/04/13,272122248,941672858,-2232583043
2018/04/16,-2764237520,364009130,-2798966195
2018/04/17,-3054808437,-117807810,-9211440799
2018/04/18,-2227225003,622069230,-1764707734
2018/04/19,1588819828,484400364,5769540847
2018/04/20,-834736977,-622279436,-20823041076
2018/04/23,-1125722134,-361246717,-12237603470
2018/04/24,1507630831,-233006878,-7762549178
2018/04/25,607599344,-592837823,-7436352113
2018/04/26,-3734247975,433255096,-5331655741
2018/04/27,-1639359108,80635711,-788178653
2018/04/30,2195000802,784379900,-5460637
2018/05/02,-2000070350,477422825,-6062469400
2018/05/03,-1038798480,-130532,-10803623696
2018/05/04,-260507723,-113570951,-3288637589
2018/05/07,742196525,585053127,-2496811702
2018/05/08,1179822941,156676315,-346776313
2018/05/09,-497204414,133196818,636501485
2018/05/10,-1018101896,414052519,2727123024
2018/05/11,-363727714,-318135210,8860009757
2018/05/14,1102365516,-31719368,8576549153
2018/05/15,-993362645,-161999718,-913035019
2018/05/16,-1293119504,-771653663,335823141
2018/05/17,-835554220,-226088238,-3297632175
2018/05/18,-64227656,-954588194,781480133
2018/05/21,571878180,-371119310,3086780022
2018/05/22,-1172186847,440498748,-1115365696
2018/05/23,-2093658977,-251561738,-2194733919
2018/05/24,44783433,-412804302,162248342
2018/05/25,497916672,-214390349,-807525755
2018/05/28,-512295918,-474349889,1777617590
2018/05/29,-1699356795,108587670,-5517425133
2018/05/30,-1236485158,-1065858966,-15456432473
2018/05/31,8085628,-784436359,-2874644709
2018/06/01,1306444249,160963201,2344674771
2018/06/04,2221730585,732069169,7676210683
2018/06/05,884832596,2774110,2300398038
2018/06/06,2528619854,598335654,10479232855
2018/06/07,360040326,668751415,5306397428
2018/06/08,-2544788446,139042784,-3669765184
2018/06/11,908801597,-361442760,541462827
2018/06/12,385076346,289084752,-3455224245
2018/06/13,598028955,-1338055389,43551196
2018/06/14,-1394706668,-872622971,-14425338144
2018/06/15,748035883,-33061587,-9208993804
2018/06/19,-1663642007,431976598,-21355634596
2018/06/20,-40497463,-473435267,-7692974392
2018/06/21,983517659,394009251,-9069952336
2018/06/22,-892457273,-194424500,-9927816600
2018/06/25,-1686270986,-242475519,-8799247689
2018/06/26,-324046621,-219147389,-6172327272
2018/06/27,-916756579,145688970,-12219461192
2018/06/28,-300356338,-7619225,-8182961491
2018/06/29,960166082,112628210,2156932676
2018/07/02,-767691797,840617287,-8494780423
2018/07/03,-1880063614,-321601495,-8228639334
2018/07/04,700447422,-380546324,1722520370
2018/07/05,-1151085531,167683235,-6028249218
2018/07/06,1570964058,-237726580,-3986000383
2018/07/09,125412634,759865480,6055089456
2018/07/10,800852623,1183675800,2275654763
2018/07/11,-1344147728,643657550,-8225190131
2018/07/12,1790333957,6974197,774770075
2018/07/13,1005449166,1229075015,1534521631
2018/07/16,-1764076891,1038544598,-3819111488
2018/07/17,-1257354707,-148040399,1262039433
2018/07/18,-28085652,-428111320,8886090141
2018/07/19,-196489429,641461355,408316954
2018/07/20,-477961241,1022740921,7756447948
2018/07/23,77611195,-376768774,6715467175
2018/07/24,3989429295,462556905,267074395
2018/07/25,657990332,146862927,-1401065919
2018/07/26,-975288692,101565361,2866818558
2018/07/27,474432367,413906927,7003435360
2018/07/30,-2649837503,-396668800,844654417
2018/07/31,30306338,-1564347085,-14789667
2018/08/01,604307766,941677404,1197865869
2018/08/02,-4376107059,-631911385,-5889133539
2018/08/03,359181800,-326345124,1633782021
2018/08/06,-271815887,755012174,-1646801066
2018/08/07,207567932,-261711135,-2013091955
2018/08/08,-644911409,399562592,9109553730
2018/08/09,-65366854,-117784959,-666365615
2018/08/10,-1792246052,515104511,-2620749745
2018/08/13,-3923117567,-62612374,-2864133367
2018/08/14,-420984768,-205448215,-437685292
2018/08/15,-3987721514,291450844,-3365886053
2018/08/16,-721199180,461891744,11318476
2018/08/17,-2994694845,816391977,-5956948133
2018/08/20,-1771398500,431206931,3744426913
2018/08/21,1904733503,687940257,6130993965
2018/08/22,-2016617750,1272844482,-1638812379
2018/08/23,-1024814574,228100363,3243150285
2018/08/24,-1050657628,369125225,-2274477661
2018/08/27,1474277322,359035780,9274297951
2018/08/28,102781743,1235387534,8106417297
2018/08/29,-1704474553,1257281050,13440139305
2018/08/30,-1522119835,864317750,2747937638
2018/08/31,118987437,-56682096,3364101792
2018/09/03,-2247435390,-465518253,-2084485671
2018/09/04,875723050,-1000523287,3618764278
2018/09/05,-1454706866,572099766,-2960812702
2018/09/06,-2617453248,-897014633,-302936917
2018/09/07,-2225057099,-1499479039,1027605492
2018/09/10,-1017973124,-676089912,3999973004
2018/09/11,6390486,-291666681,1178339838
2018/09/12,-27519739,2701650,-329736413
2018/09/13,68753039,-211127010,1605980997
2018/09/14,2011735233,1246569615,9552949027
2018/09/17,-78572764,1448597858,-1159662972
2018/09/18,-718017289,-91962299,1766283332
2018/09/19,2393710800,87850147,10640375899
2018/09/20,-1120361903,269931786,4710156210
2018/09/21,1676785743,256144297,13655379407
2018/09/25,1140617386,558821927,4771636490
2018/09/26,1519034088,-244576957,726279165
2018/09/27,-1118809795,-116688236,12911946309
2018/09/28,1182746913,178190144,2576189359
2018/10/01,444727472,-488881596,2476852646
2018/10/02,-1418420940,-63239381,-12267868564
2018/10/03,-1220782577,-1335349499,331226470
2018/10/04,-779218514,-813096786,-12993408806
2018/10/05,-560055371,-1307830173,-6850473286
2018/10/08,1038311002,-543464044,-11129576444
2018/10/09,13999253,267232667,-5721460300
2018/10/11,-565476642,562896684,-30206664420
2018/10/12,1801053152,-482831638,-4090651375
2018/10/15,-623606460,-107706688,-19554160445
2018/10/16,-1044101205,-392939515,-9600954883
2018/10/17,-2149729043,803784182,-5577987216
2018/10/18,-2321405434,-465238109,-3522041478
2018/10/19,83792303,-471263622,-3255034276
2018/10/22,2955541646,-119211834,38811242
2018/10/23,-2412528202,-736554533,-13206524943
2018/10/24,-759543299,-735878305,-6360047232
2018/10/25,-732738953,-1369584194,-9364981209
2018/10/26,-990410784,63904739,-2318893228
2018/10/29,-2811937560,-534524366,117001096
2018/10/30,-498179670,-13382187,1096802380
2018/10/31,294434675,564962773,9039655571
2018/11/01,1120842202,209377670,4091869967
2018/11/02,-124077831,-238302489,5548271166
2018/11/05,-1714003326,-528058600,1005847995
2018/11/06,-2101086650,-460328518,-4425090462
2018/11/07,187458308,745590447,5772091582
2018/11/08,-1139455142,607514521,3047453786
2018/11/09,-2346297440,-227370275,-6835211067
2018/11/12,-1016492654,-189999913,1062198823
2018/11/13,533016121,-315616685,2216335511
2018/11/14,-1046870047,230536520,-858311386
2018/11/15,-500292080,-182762803,2232832925
2018/11/16,667479531,515223544,-642744244
2018/11/19,720144322,234941328,4020319093
2018/11/20,-788219732,106018454,-7029305973
2018/11/21,1189615814,-109464602,488831893
2018/11/22,-2339860666,-88203350,-1920726510
2018/11/23,-1932539963,-180819420,126068202
2018/11/26,-575090269,-52480057,5130928270
2018/11/27,17154662,-279652815,-4275483002
2018/11/28,2714770517,474500935,2891825117
2018/11/29,-1350778197,559858259,-1625292976
2018/11/30,703268858,304917236,352393403
2018/12/03,2691631557,915951490,5690579735
2018/12/04,-877364521,773679488,-3728502673
2018/12/05,-1241428851,-1320048278,-9185598761
2018/12/06,-2883529758,-501046862,-20751626509
2018/12/07,220738857,160713950,-5137960133
2018/12/10,-1464754850,-1008479884,-9053792431
2018/12/11,197339940,215432310,-5105963779
2018/12/12,405524128,-237415897,-2036419444
2018/12/13,786972020,188689777,3135796591
2018/12/14,-1043203461,-672519546,-6799200992
2018/12/17,-1231809233,-862402878,-166555166
2018/12/18,-2415993067,-132672560,-5659547177
2018/12/19,-1246463994,-136282390,2294819553
2018/12/20,-3819740368,175707237,-6525553732
2018/12/21,-1553256125,145564007,-3730480236
2018/12/22,-799522790,180660040,-1084217017
2018/12/24,-484542030,397182880,-2590670113
2018/12/25,-1744637066,-461253220,-4970378444
2018/12/26,-1304910789,432799098,-2541586733
2018/12/27,422291581,715135117,7625252688
2018/12/28,-34006090,533161950,3382977292
2019/01/02,-432578397,-47841420,-9525531024
2019/01/03,3317533990,-676229506,-8876753519
2019/01/04,4734118520,-1010008792,-9286665740
2019/01/07,1526049877,927803271,8233740113
2019/01/08,521264599,309232983,-953535515
2019/01/09,4367378084,677467536,12109564071
2019/01/10,426483376,196797004,-745000032
2019/01/11,62979375,330073506,5870564482
2019/01/14,-43674558,172637397,-4206395196
2019/01/15,1593938583,374210075,9109080612
2019/01/16,1856596053,457295134,-1371365328
2019/01/17,415080002,-219050160,1183081681
2019/01/18,1936877396,750001648,5015866425
2019/01/21,1177553570,-1164136677,5397114758
2019/01/22,-1507581597,-68624098,1125837377
2019/01/23,-1040330076,370466001,834523241
2019/01/24,209894020,68228924,2116959315
2019/01/25,2749898041,713322376,15797919881
2019/01/28,-626009042,405230710,6069484978
2019/01/29,-822233551,-457269813,-1754874365
2019/01/30,402553549,243960325,813376602
2019/02/11,1921106671,-186410340,13048754625
2019/02/12,2160478211,-7173776,9221739639
2019/02/13,969179849,-347195143,3393716423
2019/02/14,2153487861,210448920,-852617939
2019/02/15,-736514536,-177568704,-5231124983
2019/02/18,1457324730,64701744,4976359163
2019/02/19,1830095263,534301822,1454505771
2019/02/20,818849687,-78177453,10843565364
2019/02/21,737700119,-349926260,4848117173
2019/02/22,-718817331,-285294097,1279531988
2019/02/25,3054503298,506451083,12384912468
2019/02/26,-433577842,-352567923,4831292203
2019/02/27,-1330088417,-1411648610,4524151315
